timestamp;SID;Etapa;Subetapa;Remoto;Local;Alerta
08/08-21:25:18.762486 ;1113;3;0;10.5.1.110;10.5.2.2;alert tcp $EXTERNAL_NET any -> $HTTP_SERVERS $HTTP_PORTS (msg:'DELETED WEB-MISC http directory traversal', flow:to_server,established, content:'../', reference:arachnids,297, classtype:attempted-recon, sid:1113, rev:7,)
08/08-21:25:18.762486 ;1142;2;4;10.5.1.110;10.5.2.2;alert tcp $EXTERNAL_NET any -> $HTTP_SERVERS $HTTP_PORTS (msg:'SERVER-WEBAPP /.... access', flow:to_server,established, content:'/....', metadata:ruleset community, service http, classtype:attempted-recon, sid:1142, rev:11,)
08/08-21:25:25.704621 ;1113;3;0;10.5.1.110;10.5.2.2;alert tcp $EXTERNAL_NET any -> $HTTP_SERVERS $HTTP_PORTS (msg:'DELETED WEB-MISC http directory traversal', flow:to_server,established, content:'../', reference:arachnids,297, classtype:attempted-recon, sid:1113, rev:7,)
08/08-21:25:25.704621 ;1142;2;4;10.5.1.110;10.5.2.2;alert tcp $EXTERNAL_NET any -> $HTTP_SERVERS $HTTP_PORTS (msg:'SERVER-WEBAPP /.... access', flow:to_server,established, content:'/....', metadata:ruleset community, service http, classtype:attempted-recon, sid:1142, rev:11,)
08/08-21:25:29.545750 ;1113;3;0;10.5.1.110;10.5.2.2;alert tcp $EXTERNAL_NET any -> $HTTP_SERVERS $HTTP_PORTS (msg:'DELETED WEB-MISC http directory traversal', flow:to_server,established, content:'../', reference:arachnids,297, classtype:attempted-recon, sid:1113, rev:7,)
08/08-21:25:29.545750 ;1142;2;4;10.5.1.110;10.5.2.2;alert tcp $EXTERNAL_NET any -> $HTTP_SERVERS $HTTP_PORTS (msg:'SERVER-WEBAPP /.... access', flow:to_server,established, content:'/....', metadata:ruleset community, service http, classtype:attempted-recon, sid:1142, rev:11,)
08/09-22:10:51.658404 ;2273;3;1;10.5.1.110;10.5.2.2;alert tcp $EXTERNAL_NET any -> $HOME_NET 143 (msg:'PROTOCOL-IMAP login brute force attempt', flow:to_server,established,no_stream, content:'LOGIN', fast_pattern:only, detection_filter:track by_dst, count 30, seconds 30, metadata:ruleset community, service imap, reference:url,attack.mitre.org/techniques/T1110, classtype:suspicious-login, sid:2273, rev:12,)
08/09-22:11:04.803356 ;2273;3;1;10.5.1.110;10.5.2.2;alert tcp $EXTERNAL_NET any -> $HOME_NET 143 (msg:'PROTOCOL-IMAP login brute force attempt', flow:to_server,established,no_stream, content:'LOGIN', fast_pattern:only, detection_filter:track by_dst, count 30, seconds 30, metadata:ruleset community, service imap, reference:url,attack.mitre.org/techniques/T1110, classtype:suspicious-login, sid:2273, rev:12,)
08/09-22:11:13.568457 ;2273;3;1;10.5.1.110;10.5.2.2;alert tcp $EXTERNAL_NET any -> $HOME_NET 143 (msg:'PROTOCOL-IMAP login brute force attempt', flow:to_server,established,no_stream, content:'LOGIN', fast_pattern:only, detection_filter:track by_dst, count 30, seconds 30, metadata:ruleset community, service imap, reference:url,attack.mitre.org/techniques/T1110, classtype:suspicious-login, sid:2273, rev:12,)
08/09-22:11:20.330650 ;2273;3;1;10.5.1.110;10.5.2.2;alert tcp $EXTERNAL_NET any -> $HOME_NET 143 (msg:'PROTOCOL-IMAP login brute force attempt', flow:to_server,established,no_stream, content:'LOGIN', fast_pattern:only, detection_filter:track by_dst, count 30, seconds 30, metadata:ruleset community, service imap, reference:url,attack.mitre.org/techniques/T1110, classtype:suspicious-login, sid:2273, rev:12,)
08/09-22:11:26.941345 ;2273;3;1;10.5.1.110;10.5.2.2;alert tcp $EXTERNAL_NET any -> $HOME_NET 143 (msg:'PROTOCOL-IMAP login brute force attempt', flow:to_server,established,no_stream, content:'LOGIN', fast_pattern:only, detection_filter:track by_dst, count 30, seconds 30, metadata:ruleset community, service imap, reference:url,attack.mitre.org/techniques/T1110, classtype:suspicious-login, sid:2273, rev:12,)
08/09-22:11:34.421376 ;2273;3;1;10.5.1.110;10.5.2.2;alert tcp $EXTERNAL_NET any -> $HOME_NET 143 (msg:'PROTOCOL-IMAP login brute force attempt', flow:to_server,established,no_stream, content:'LOGIN', fast_pattern:only, detection_filter:track by_dst, count 30, seconds 30, metadata:ruleset community, service imap, reference:url,attack.mitre.org/techniques/T1110, classtype:suspicious-login, sid:2273, rev:12,)
08/09-22:11:41.974733 ;2273;3;1;10.5.1.110;10.5.2.2;alert tcp $EXTERNAL_NET any -> $HOME_NET 143 (msg:'PROTOCOL-IMAP login brute force attempt', flow:to_server,established,no_stream, content:'LOGIN', fast_pattern:only, detection_filter:track by_dst, count 30, seconds 30, metadata:ruleset community, service imap, reference:url,attack.mitre.org/techniques/T1110, classtype:suspicious-login, sid:2273, rev:12,)
08/09-22:11:47.173319 ;2273;3;1;10.5.1.110;10.5.2.2;alert tcp $EXTERNAL_NET any -> $HOME_NET 143 (msg:'PROTOCOL-IMAP login brute force attempt', flow:to_server,established,no_stream, content:'LOGIN', fast_pattern:only, detection_filter:track by_dst, count 30, seconds 30, metadata:ruleset community, service imap, reference:url,attack.mitre.org/techniques/T1110, classtype:suspicious-login, sid:2273, rev:12,)
08/09-22:11:51.618413 ;2273;3;1;10.5.1.110;10.5.2.2;alert tcp $EXTERNAL_NET any -> $HOME_NET 143 (msg:'PROTOCOL-IMAP login brute force attempt', flow:to_server,established,no_stream, content:'LOGIN', fast_pattern:only, detection_filter:track by_dst, count 30, seconds 30, metadata:ruleset community, service imap, reference:url,attack.mitre.org/techniques/T1110, classtype:suspicious-login, sid:2273, rev:12,)
08/09-22:11:56.078533 ;2273;3;1;10.5.1.110;10.5.2.2;alert tcp $EXTERNAL_NET any -> $HOME_NET 143 (msg:'PROTOCOL-IMAP login brute force attempt', flow:to_server,established,no_stream, content:'LOGIN', fast_pattern:only, detection_filter:track by_dst, count 30, seconds 30, metadata:ruleset community, service imap, reference:url,attack.mitre.org/techniques/T1110, classtype:suspicious-login, sid:2273, rev:12,)
08/09-22:12:00.273441 ;2273;3;1;10.5.1.110;10.5.2.2;alert tcp $EXTERNAL_NET any -> $HOME_NET 143 (msg:'PROTOCOL-IMAP login brute force attempt', flow:to_server,established,no_stream, content:'LOGIN', fast_pattern:only, detection_filter:track by_dst, count 30, seconds 30, metadata:ruleset community, service imap, reference:url,attack.mitre.org/techniques/T1110, classtype:suspicious-login, sid:2273, rev:12,)
08/09-22:12:04.675109 ;2273;3;1;10.5.1.110;10.5.2.2;alert tcp $EXTERNAL_NET any -> $HOME_NET 143 (msg:'PROTOCOL-IMAP login brute force attempt', flow:to_server,established,no_stream, content:'LOGIN', fast_pattern:only, detection_filter:track by_dst, count 30, seconds 30, metadata:ruleset community, service imap, reference:url,attack.mitre.org/techniques/T1110, classtype:suspicious-login, sid:2273, rev:12,)
08/09-22:12:09.300963 ;2273;3;1;10.5.1.110;10.5.2.2;alert tcp $EXTERNAL_NET any -> $HOME_NET 143 (msg:'PROTOCOL-IMAP login brute force attempt', flow:to_server,established,no_stream, content:'LOGIN', fast_pattern:only, detection_filter:track by_dst, count 30, seconds 30, metadata:ruleset community, service imap, reference:url,attack.mitre.org/techniques/T1110, classtype:suspicious-login, sid:2273, rev:12,)
08/09-22:12:13.473460 ;2273;3;1;10.5.1.110;10.5.2.2;alert tcp $EXTERNAL_NET any -> $HOME_NET 143 (msg:'PROTOCOL-IMAP login brute force attempt', flow:to_server,established,no_stream, content:'LOGIN', fast_pattern:only, detection_filter:track by_dst, count 30, seconds 30, metadata:ruleset community, service imap, reference:url,attack.mitre.org/techniques/T1110, classtype:suspicious-login, sid:2273, rev:12,)
08/09-22:12:16.598348 ;2273;3;1;10.5.1.110;10.5.2.2;alert tcp $EXTERNAL_NET any -> $HOME_NET 143 (msg:'PROTOCOL-IMAP login brute force attempt', flow:to_server,established,no_stream, content:'LOGIN', fast_pattern:only, detection_filter:track by_dst, count 30, seconds 30, metadata:ruleset community, service imap, reference:url,attack.mitre.org/techniques/T1110, classtype:suspicious-login, sid:2273, rev:12,)
08/09-22:12:19.804896 ;2273;3;1;10.5.1.110;10.5.2.2;alert tcp $EXTERNAL_NET any -> $HOME_NET 143 (msg:'PROTOCOL-IMAP login brute force attempt', flow:to_server,established,no_stream, content:'LOGIN', fast_pattern:only, detection_filter:track by_dst, count 30, seconds 30, metadata:ruleset community, service imap, reference:url,attack.mitre.org/techniques/T1110, classtype:suspicious-login, sid:2273, rev:12,)
08/09-22:12:22.617796 ;2273;3;1;10.5.1.110;10.5.2.2;alert tcp $EXTERNAL_NET any -> $HOME_NET 143 (msg:'PROTOCOL-IMAP login brute force attempt', flow:to_server,established,no_stream, content:'LOGIN', fast_pattern:only, detection_filter:track by_dst, count 30, seconds 30, metadata:ruleset community, service imap, reference:url,attack.mitre.org/techniques/T1110, classtype:suspicious-login, sid:2273, rev:12,)
08/09-22:12:25.870265 ;2273;3;1;10.5.1.110;10.5.2.2;alert tcp $EXTERNAL_NET any -> $HOME_NET 143 (msg:'PROTOCOL-IMAP login brute force attempt', flow:to_server,established,no_stream, content:'LOGIN', fast_pattern:only, detection_filter:track by_dst, count 30, seconds 30, metadata:ruleset community, service imap, reference:url,attack.mitre.org/techniques/T1110, classtype:suspicious-login, sid:2273, rev:12,)
08/09-22:12:29.283988 ;2273;3;1;10.5.1.110;10.5.2.2;alert tcp $EXTERNAL_NET any -> $HOME_NET 143 (msg:'PROTOCOL-IMAP login brute force attempt', flow:to_server,established,no_stream, content:'LOGIN', fast_pattern:only, detection_filter:track by_dst, count 30, seconds 30, metadata:ruleset community, service imap, reference:url,attack.mitre.org/techniques/T1110, classtype:suspicious-login, sid:2273, rev:12,)
08/09-22:12:32.203717 ;2273;3;1;10.5.1.110;10.5.2.2;alert tcp $EXTERNAL_NET any -> $HOME_NET 143 (msg:'PROTOCOL-IMAP login brute force attempt', flow:to_server,established,no_stream, content:'LOGIN', fast_pattern:only, detection_filter:track by_dst, count 30, seconds 30, metadata:ruleset community, service imap, reference:url,attack.mitre.org/techniques/T1110, classtype:suspicious-login, sid:2273, rev:12,)
08/09-22:12:35.563365 ;2273;3;1;10.5.1.110;10.5.2.2;alert tcp $EXTERNAL_NET any -> $HOME_NET 143 (msg:'PROTOCOL-IMAP login brute force attempt', flow:to_server,established,no_stream, content:'LOGIN', fast_pattern:only, detection_filter:track by_dst, count 30, seconds 30, metadata:ruleset community, service imap, reference:url,attack.mitre.org/techniques/T1110, classtype:suspicious-login, sid:2273, rev:12,)
08/09-22:12:38.968657 ;2273;3;1;10.5.1.110;10.5.2.2;alert tcp $EXTERNAL_NET any -> $HOME_NET 143 (msg:'PROTOCOL-IMAP login brute force attempt', flow:to_server,established,no_stream, content:'LOGIN', fast_pattern:only, detection_filter:track by_dst, count 30, seconds 30, metadata:ruleset community, service imap, reference:url,attack.mitre.org/techniques/T1110, classtype:suspicious-login, sid:2273, rev:12,)
08/09-22:12:43.083730 ;2273;3;1;10.5.1.110;10.5.2.2;alert tcp $EXTERNAL_NET any -> $HOME_NET 143 (msg:'PROTOCOL-IMAP login brute force attempt', flow:to_server,established,no_stream, content:'LOGIN', fast_pattern:only, detection_filter:track by_dst, count 30, seconds 30, metadata:ruleset community, service imap, reference:url,attack.mitre.org/techniques/T1110, classtype:suspicious-login, sid:2273, rev:12,)
08/09-22:12:47.118399 ;2273;3;1;10.5.1.110;10.5.2.2;alert tcp $EXTERNAL_NET any -> $HOME_NET 143 (msg:'PROTOCOL-IMAP login brute force attempt', flow:to_server,established,no_stream, content:'LOGIN', fast_pattern:only, detection_filter:track by_dst, count 30, seconds 30, metadata:ruleset community, service imap, reference:url,attack.mitre.org/techniques/T1110, classtype:suspicious-login, sid:2273, rev:12,)
08/09-22:12:50.654016 ;2273;3;1;10.5.1.110;10.5.2.2;alert tcp $EXTERNAL_NET any -> $HOME_NET 143 (msg:'PROTOCOL-IMAP login brute force attempt', flow:to_server,established,no_stream, content:'LOGIN', fast_pattern:only, detection_filter:track by_dst, count 30, seconds 30, metadata:ruleset community, service imap, reference:url,attack.mitre.org/techniques/T1110, classtype:suspicious-login, sid:2273, rev:12,)
08/09-22:12:54.338451 ;2273;3;1;10.5.1.110;10.5.2.2;alert tcp $EXTERNAL_NET any -> $HOME_NET 143 (msg:'PROTOCOL-IMAP login brute force attempt', flow:to_server,established,no_stream, content:'LOGIN', fast_pattern:only, detection_filter:track by_dst, count 30, seconds 30, metadata:ruleset community, service imap, reference:url,attack.mitre.org/techniques/T1110, classtype:suspicious-login, sid:2273, rev:12,)
08/09-22:12:58.400468 ;2273;3;1;10.5.1.110;10.5.2.2;alert tcp $EXTERNAL_NET any -> $HOME_NET 143 (msg:'PROTOCOL-IMAP login brute force attempt', flow:to_server,established,no_stream, content:'LOGIN', fast_pattern:only, detection_filter:track by_dst, count 30, seconds 30, metadata:ruleset community, service imap, reference:url,attack.mitre.org/techniques/T1110, classtype:suspicious-login, sid:2273, rev:12,)
08/09-22:13:01.519741 ;2273;3;1;10.5.1.110;10.5.2.2;alert tcp $EXTERNAL_NET any -> $HOME_NET 143 (msg:'PROTOCOL-IMAP login brute force attempt', flow:to_server,established,no_stream, content:'LOGIN', fast_pattern:only, detection_filter:track by_dst, count 30, seconds 30, metadata:ruleset community, service imap, reference:url,attack.mitre.org/techniques/T1110, classtype:suspicious-login, sid:2273, rev:12,)
08/09-22:13:04.461704 ;2273;3;1;10.5.1.110;10.5.2.2;alert tcp $EXTERNAL_NET any -> $HOME_NET 143 (msg:'PROTOCOL-IMAP login brute force attempt', flow:to_server,established,no_stream, content:'LOGIN', fast_pattern:only, detection_filter:track by_dst, count 30, seconds 30, metadata:ruleset community, service imap, reference:url,attack.mitre.org/techniques/T1110, classtype:suspicious-login, sid:2273, rev:12,)
08/09-22:13:07.652979 ;2273;3;1;10.5.1.110;10.5.2.2;alert tcp $EXTERNAL_NET any -> $HOME_NET 143 (msg:'PROTOCOL-IMAP login brute force attempt', flow:to_server,established,no_stream, content:'LOGIN', fast_pattern:only, detection_filter:track by_dst, count 30, seconds 30, metadata:ruleset community, service imap, reference:url,attack.mitre.org/techniques/T1110, classtype:suspicious-login, sid:2273, rev:12,)
08/09-22:13:11.286345 ;2273;3;1;10.5.1.110;10.5.2.2;alert tcp $EXTERNAL_NET any -> $HOME_NET 143 (msg:'PROTOCOL-IMAP login brute force attempt', flow:to_server,established,no_stream, content:'LOGIN', fast_pattern:only, detection_filter:track by_dst, count 30, seconds 30, metadata:ruleset community, service imap, reference:url,attack.mitre.org/techniques/T1110, classtype:suspicious-login, sid:2273, rev:12,)
08/09-22:13:14.733455 ;2273;3;1;10.5.1.110;10.5.2.2;alert tcp $EXTERNAL_NET any -> $HOME_NET 143 (msg:'PROTOCOL-IMAP login brute force attempt', flow:to_server,established,no_stream, content:'LOGIN', fast_pattern:only, detection_filter:track by_dst, count 30, seconds 30, metadata:ruleset community, service imap, reference:url,attack.mitre.org/techniques/T1110, classtype:suspicious-login, sid:2273, rev:12,)
08/09-22:13:18.073396 ;2273;3;1;10.5.1.110;10.5.2.2;alert tcp $EXTERNAL_NET any -> $HOME_NET 143 (msg:'PROTOCOL-IMAP login brute force attempt', flow:to_server,established,no_stream, content:'LOGIN', fast_pattern:only, detection_filter:track by_dst, count 30, seconds 30, metadata:ruleset community, service imap, reference:url,attack.mitre.org/techniques/T1110, classtype:suspicious-login, sid:2273, rev:12,)
08/09-22:13:22.530764 ;2273;3;1;10.5.1.110;10.5.2.2;alert tcp $EXTERNAL_NET any -> $HOME_NET 143 (msg:'PROTOCOL-IMAP login brute force attempt', flow:to_server,established,no_stream, content:'LOGIN', fast_pattern:only, detection_filter:track by_dst, count 30, seconds 30, metadata:ruleset community, service imap, reference:url,attack.mitre.org/techniques/T1110, classtype:suspicious-login, sid:2273, rev:12,)
08/09-22:13:26.768458 ;2273;3;1;10.5.1.110;10.5.2.2;alert tcp $EXTERNAL_NET any -> $HOME_NET 143 (msg:'PROTOCOL-IMAP login brute force attempt', flow:to_server,established,no_stream, content:'LOGIN', fast_pattern:only, detection_filter:track by_dst, count 30, seconds 30, metadata:ruleset community, service imap, reference:url,attack.mitre.org/techniques/T1110, classtype:suspicious-login, sid:2273, rev:12,)
08/09-22:13:30.718608 ;2273;3;1;10.5.1.110;10.5.2.2;alert tcp $EXTERNAL_NET any -> $HOME_NET 143 (msg:'PROTOCOL-IMAP login brute force attempt', flow:to_server,established,no_stream, content:'LOGIN', fast_pattern:only, detection_filter:track by_dst, count 30, seconds 30, metadata:ruleset community, service imap, reference:url,attack.mitre.org/techniques/T1110, classtype:suspicious-login, sid:2273, rev:12,)
08/09-22:13:34.508469 ;2273;3;1;10.5.1.110;10.5.2.2;alert tcp $EXTERNAL_NET any -> $HOME_NET 143 (msg:'PROTOCOL-IMAP login brute force attempt', flow:to_server,established,no_stream, content:'LOGIN', fast_pattern:only, detection_filter:track by_dst, count 30, seconds 30, metadata:ruleset community, service imap, reference:url,attack.mitre.org/techniques/T1110, classtype:suspicious-login, sid:2273, rev:12,)
08/09-22:13:38.278615 ;2273;3;1;10.5.1.110;10.5.2.2;alert tcp $EXTERNAL_NET any -> $HOME_NET 143 (msg:'PROTOCOL-IMAP login brute force attempt', flow:to_server,established,no_stream, content:'LOGIN', fast_pattern:only, detection_filter:track by_dst, count 30, seconds 30, metadata:ruleset community, service imap, reference:url,attack.mitre.org/techniques/T1110, classtype:suspicious-login, sid:2273, rev:12,)
08/09-22:13:41.808396 ;2273;3;1;10.5.1.110;10.5.2.2;alert tcp $EXTERNAL_NET any -> $HOME_NET 143 (msg:'PROTOCOL-IMAP login brute force attempt', flow:to_server,established,no_stream, content:'LOGIN', fast_pattern:only, detection_filter:track by_dst, count 30, seconds 30, metadata:ruleset community, service imap, reference:url,attack.mitre.org/techniques/T1110, classtype:suspicious-login, sid:2273, rev:12,)
08/09-22:13:44.845627 ;2273;3;1;10.5.1.110;10.5.2.2;alert tcp $EXTERNAL_NET any -> $HOME_NET 143 (msg:'PROTOCOL-IMAP login brute force attempt', flow:to_server,established,no_stream, content:'LOGIN', fast_pattern:only, detection_filter:track by_dst, count 30, seconds 30, metadata:ruleset community, service imap, reference:url,attack.mitre.org/techniques/T1110, classtype:suspicious-login, sid:2273, rev:12,)
08/09-22:13:47.698904 ;2273;3;1;10.5.1.110;10.5.2.2;alert tcp $EXTERNAL_NET any -> $HOME_NET 143 (msg:'PROTOCOL-IMAP login brute force attempt', flow:to_server,established,no_stream, content:'LOGIN', fast_pattern:only, detection_filter:track by_dst, count 30, seconds 30, metadata:ruleset community, service imap, reference:url,attack.mitre.org/techniques/T1110, classtype:suspicious-login, sid:2273, rev:12,)
08/09-22:13:51.053421 ;2273;3;1;10.5.1.110;10.5.2.2;alert tcp $EXTERNAL_NET any -> $HOME_NET 143 (msg:'PROTOCOL-IMAP login brute force attempt', flow:to_server,established,no_stream, content:'LOGIN', fast_pattern:only, detection_filter:track by_dst, count 30, seconds 30, metadata:ruleset community, service imap, reference:url,attack.mitre.org/techniques/T1110, classtype:suspicious-login, sid:2273, rev:12,)
08/09-22:13:54.879917 ;2273;3;1;10.5.1.110;10.5.2.2;alert tcp $EXTERNAL_NET any -> $HOME_NET 143 (msg:'PROTOCOL-IMAP login brute force attempt', flow:to_server,established,no_stream, content:'LOGIN', fast_pattern:only, detection_filter:track by_dst, count 30, seconds 30, metadata:ruleset community, service imap, reference:url,attack.mitre.org/techniques/T1110, classtype:suspicious-login, sid:2273, rev:12,)
08/09-22:14:12.515500 ;2273;3;1;10.5.1.110;10.5.2.2;alert tcp $EXTERNAL_NET any -> $HOME_NET 143 (msg:'PROTOCOL-IMAP login brute force attempt', flow:to_server,established,no_stream, content:'LOGIN', fast_pattern:only, detection_filter:track by_dst, count 30, seconds 30, metadata:ruleset community, service imap, reference:url,attack.mitre.org/techniques/T1110, classtype:suspicious-login, sid:2273, rev:12,)
08/09-22:14:23.726839 ;2273;3;1;10.5.1.110;10.5.2.2;alert tcp $EXTERNAL_NET any -> $HOME_NET 143 (msg:'PROTOCOL-IMAP login brute force attempt', flow:to_server,established,no_stream, content:'LOGIN', fast_pattern:only, detection_filter:track by_dst, count 30, seconds 30, metadata:ruleset community, service imap, reference:url,attack.mitre.org/techniques/T1110, classtype:suspicious-login, sid:2273, rev:12,)
08/09-22:14:34.828410 ;2273;3;1;10.5.1.110;10.5.2.2;alert tcp $EXTERNAL_NET any -> $HOME_NET 143 (msg:'PROTOCOL-IMAP login brute force attempt', flow:to_server,established,no_stream, content:'LOGIN', fast_pattern:only, detection_filter:track by_dst, count 30, seconds 30, metadata:ruleset community, service imap, reference:url,attack.mitre.org/techniques/T1110, classtype:suspicious-login, sid:2273, rev:12,)
08/09-22:14:42.723467 ;2273;3;1;10.5.1.110;10.5.2.2;alert tcp $EXTERNAL_NET any -> $HOME_NET 143 (msg:'PROTOCOL-IMAP login brute force attempt', flow:to_server,established,no_stream, content:'LOGIN', fast_pattern:only, detection_filter:track by_dst, count 30, seconds 30, metadata:ruleset community, service imap, reference:url,attack.mitre.org/techniques/T1110, classtype:suspicious-login, sid:2273, rev:12,)
08/09-22:14:48.628548 ;2273;3;1;10.5.1.110;10.5.2.2;alert tcp $EXTERNAL_NET any -> $HOME_NET 143 (msg:'PROTOCOL-IMAP login brute force attempt', flow:to_server,established,no_stream, content:'LOGIN', fast_pattern:only, detection_filter:track by_dst, count 30, seconds 30, metadata:ruleset community, service imap, reference:url,attack.mitre.org/techniques/T1110, classtype:suspicious-login, sid:2273, rev:12,)
08/09-22:14:55.153376 ;2273;3;1;10.5.1.110;10.5.2.2;alert tcp $EXTERNAL_NET any -> $HOME_NET 143 (msg:'PROTOCOL-IMAP login brute force attempt', flow:to_server,established,no_stream, content:'LOGIN', fast_pattern:only, detection_filter:track by_dst, count 30, seconds 30, metadata:ruleset community, service imap, reference:url,attack.mitre.org/techniques/T1110, classtype:suspicious-login, sid:2273, rev:12,)
08/09-22:15:06.889616 ;2273;3;1;10.5.1.110;10.5.2.2;alert tcp $EXTERNAL_NET any -> $HOME_NET 143 (msg:'PROTOCOL-IMAP login brute force attempt', flow:to_server,established,no_stream, content:'LOGIN', fast_pattern:only, detection_filter:track by_dst, count 30, seconds 30, metadata:ruleset community, service imap, reference:url,attack.mitre.org/techniques/T1110, classtype:suspicious-login, sid:2273, rev:12,)
08/09-22:15:14.873531 ;2273;3;1;10.5.1.110;10.5.2.2;alert tcp $EXTERNAL_NET any -> $HOME_NET 143 (msg:'PROTOCOL-IMAP login brute force attempt', flow:to_server,established,no_stream, content:'LOGIN', fast_pattern:only, detection_filter:track by_dst, count 30, seconds 30, metadata:ruleset community, service imap, reference:url,attack.mitre.org/techniques/T1110, classtype:suspicious-login, sid:2273, rev:12,)
08/09-22:15:21.173375 ;2273;3;1;10.5.1.110;10.5.2.2;alert tcp $EXTERNAL_NET any -> $HOME_NET 143 (msg:'PROTOCOL-IMAP login brute force attempt', flow:to_server,established,no_stream, content:'LOGIN', fast_pattern:only, detection_filter:track by_dst, count 30, seconds 30, metadata:ruleset community, service imap, reference:url,attack.mitre.org/techniques/T1110, classtype:suspicious-login, sid:2273, rev:12,)
08/09-22:15:27.413520 ;2273;3;1;10.5.1.110;10.5.2.2;alert tcp $EXTERNAL_NET any -> $HOME_NET 143 (msg:'PROTOCOL-IMAP login brute force attempt', flow:to_server,established,no_stream, content:'LOGIN', fast_pattern:only, detection_filter:track by_dst, count 30, seconds 30, metadata:ruleset community, service imap, reference:url,attack.mitre.org/techniques/T1110, classtype:suspicious-login, sid:2273, rev:12,)
08/09-22:15:33.998464 ;2273;3;1;10.5.1.110;10.5.2.2;alert tcp $EXTERNAL_NET any -> $HOME_NET 143 (msg:'PROTOCOL-IMAP login brute force attempt', flow:to_server,established,no_stream, content:'LOGIN', fast_pattern:only, detection_filter:track by_dst, count 30, seconds 30, metadata:ruleset community, service imap, reference:url,attack.mitre.org/techniques/T1110, classtype:suspicious-login, sid:2273, rev:12,)
08/09-22:15:39.993592 ;2273;3;1;10.5.1.110;10.5.2.2;alert tcp $EXTERNAL_NET any -> $HOME_NET 143 (msg:'PROTOCOL-IMAP login brute force attempt', flow:to_server,established,no_stream, content:'LOGIN', fast_pattern:only, detection_filter:track by_dst, count 30, seconds 30, metadata:ruleset community, service imap, reference:url,attack.mitre.org/techniques/T1110, classtype:suspicious-login, sid:2273, rev:12,)
08/09-22:15:44.523615 ;2273;3;1;10.5.1.110;10.5.2.2;alert tcp $EXTERNAL_NET any -> $HOME_NET 143 (msg:'PROTOCOL-IMAP login brute force attempt', flow:to_server,established,no_stream, content:'LOGIN', fast_pattern:only, detection_filter:track by_dst, count 30, seconds 30, metadata:ruleset community, service imap, reference:url,attack.mitre.org/techniques/T1110, classtype:suspicious-login, sid:2273, rev:12,)
08/09-22:15:48.595207 ;2273;3;1;10.5.1.110;10.5.2.2;alert tcp $EXTERNAL_NET any -> $HOME_NET 143 (msg:'PROTOCOL-IMAP login brute force attempt', flow:to_server,established,no_stream, content:'LOGIN', fast_pattern:only, detection_filter:track by_dst, count 30, seconds 30, metadata:ruleset community, service imap, reference:url,attack.mitre.org/techniques/T1110, classtype:suspicious-login, sid:2273, rev:12,)
08/09-22:15:52.417025 ;2273;3;1;10.5.1.110;10.5.2.2;alert tcp $EXTERNAL_NET any -> $HOME_NET 143 (msg:'PROTOCOL-IMAP login brute force attempt', flow:to_server,established,no_stream, content:'LOGIN', fast_pattern:only, detection_filter:track by_dst, count 30, seconds 30, metadata:ruleset community, service imap, reference:url,attack.mitre.org/techniques/T1110, classtype:suspicious-login, sid:2273, rev:12,)
08/09-22:15:56.333372 ;2273;3;1;10.5.1.110;10.5.2.2;alert tcp $EXTERNAL_NET any -> $HOME_NET 143 (msg:'PROTOCOL-IMAP login brute force attempt', flow:to_server,established,no_stream, content:'LOGIN', fast_pattern:only, detection_filter:track by_dst, count 30, seconds 30, metadata:ruleset community, service imap, reference:url,attack.mitre.org/techniques/T1110, classtype:suspicious-login, sid:2273, rev:12,)
08/09-22:16:00.483763 ;2273;3;1;10.5.1.110;10.5.2.2;alert tcp $EXTERNAL_NET any -> $HOME_NET 143 (msg:'PROTOCOL-IMAP login brute force attempt', flow:to_server,established,no_stream, content:'LOGIN', fast_pattern:only, detection_filter:track by_dst, count 30, seconds 30, metadata:ruleset community, service imap, reference:url,attack.mitre.org/techniques/T1110, classtype:suspicious-login, sid:2273, rev:12,)
08/09-22:16:04.428456 ;2273;3;1;10.5.1.110;10.5.2.2;alert tcp $EXTERNAL_NET any -> $HOME_NET 143 (msg:'PROTOCOL-IMAP login brute force attempt', flow:to_server,established,no_stream, content:'LOGIN', fast_pattern:only, detection_filter:track by_dst, count 30, seconds 30, metadata:ruleset community, service imap, reference:url,attack.mitre.org/techniques/T1110, classtype:suspicious-login, sid:2273, rev:12,)
08/09-22:16:09.125196 ;2273;3;1;10.5.1.110;10.5.2.2;alert tcp $EXTERNAL_NET any -> $HOME_NET 143 (msg:'PROTOCOL-IMAP login brute force attempt', flow:to_server,established,no_stream, content:'LOGIN', fast_pattern:only, detection_filter:track by_dst, count 30, seconds 30, metadata:ruleset community, service imap, reference:url,attack.mitre.org/techniques/T1110, classtype:suspicious-login, sid:2273, rev:12,)
08/09-22:16:13.110441 ;2273;3;1;10.5.1.110;10.5.2.2;alert tcp $EXTERNAL_NET any -> $HOME_NET 143 (msg:'PROTOCOL-IMAP login brute force attempt', flow:to_server,established,no_stream, content:'LOGIN', fast_pattern:only, detection_filter:track by_dst, count 30, seconds 30, metadata:ruleset community, service imap, reference:url,attack.mitre.org/techniques/T1110, classtype:suspicious-login, sid:2273, rev:12,)
08/09-22:16:16.486426 ;2273;3;1;10.5.1.110;10.5.2.2;alert tcp $EXTERNAL_NET any -> $HOME_NET 143 (msg:'PROTOCOL-IMAP login brute force attempt', flow:to_server,established,no_stream, content:'LOGIN', fast_pattern:only, detection_filter:track by_dst, count 30, seconds 30, metadata:ruleset community, service imap, reference:url,attack.mitre.org/techniques/T1110, classtype:suspicious-login, sid:2273, rev:12,)
08/09-22:16:21.330075 ;2273;3;1;10.5.1.110;10.5.2.2;alert tcp $EXTERNAL_NET any -> $HOME_NET 143 (msg:'PROTOCOL-IMAP login brute force attempt', flow:to_server,established,no_stream, content:'LOGIN', fast_pattern:only, detection_filter:track by_dst, count 30, seconds 30, metadata:ruleset community, service imap, reference:url,attack.mitre.org/techniques/T1110, classtype:suspicious-login, sid:2273, rev:12,)
08/09-22:16:25.508307 ;2273;3;1;10.5.1.110;10.5.2.2;alert tcp $EXTERNAL_NET any -> $HOME_NET 143 (msg:'PROTOCOL-IMAP login brute force attempt', flow:to_server,established,no_stream, content:'LOGIN', fast_pattern:only, detection_filter:track by_dst, count 30, seconds 30, metadata:ruleset community, service imap, reference:url,attack.mitre.org/techniques/T1110, classtype:suspicious-login, sid:2273, rev:12,)
08/09-22:16:28.972803 ;2273;3;1;10.5.1.110;10.5.2.2;alert tcp $EXTERNAL_NET any -> $HOME_NET 143 (msg:'PROTOCOL-IMAP login brute force attempt', flow:to_server,established,no_stream, content:'LOGIN', fast_pattern:only, detection_filter:track by_dst, count 30, seconds 30, metadata:ruleset community, service imap, reference:url,attack.mitre.org/techniques/T1110, classtype:suspicious-login, sid:2273, rev:12,)
08/09-22:16:33.086286 ;2273;3;1;10.5.1.110;10.5.2.2;alert tcp $EXTERNAL_NET any -> $HOME_NET 143 (msg:'PROTOCOL-IMAP login brute force attempt', flow:to_server,established,no_stream, content:'LOGIN', fast_pattern:only, detection_filter:track by_dst, count 30, seconds 30, metadata:ruleset community, service imap, reference:url,attack.mitre.org/techniques/T1110, classtype:suspicious-login, sid:2273, rev:12,)
08/09-22:16:37.053406 ;2273;3;1;10.5.1.110;10.5.2.2;alert tcp $EXTERNAL_NET any -> $HOME_NET 143 (msg:'PROTOCOL-IMAP login brute force attempt', flow:to_server,established,no_stream, content:'LOGIN', fast_pattern:only, detection_filter:track by_dst, count 30, seconds 30, metadata:ruleset community, service imap, reference:url,attack.mitre.org/techniques/T1110, classtype:suspicious-login, sid:2273, rev:12,)
08/09-22:16:41.213470 ;2273;3;1;10.5.1.110;10.5.2.2;alert tcp $EXTERNAL_NET any -> $HOME_NET 143 (msg:'PROTOCOL-IMAP login brute force attempt', flow:to_server,established,no_stream, content:'LOGIN', fast_pattern:only, detection_filter:track by_dst, count 30, seconds 30, metadata:ruleset community, service imap, reference:url,attack.mitre.org/techniques/T1110, classtype:suspicious-login, sid:2273, rev:12,)
08/09-22:16:44.759725 ;2273;3;1;10.5.1.110;10.5.2.2;alert tcp $EXTERNAL_NET any -> $HOME_NET 143 (msg:'PROTOCOL-IMAP login brute force attempt', flow:to_server,established,no_stream, content:'LOGIN', fast_pattern:only, detection_filter:track by_dst, count 30, seconds 30, metadata:ruleset community, service imap, reference:url,attack.mitre.org/techniques/T1110, classtype:suspicious-login, sid:2273, rev:12,)
08/09-22:16:48.428780 ;2273;3;1;10.5.1.110;10.5.2.2;alert tcp $EXTERNAL_NET any -> $HOME_NET 143 (msg:'PROTOCOL-IMAP login brute force attempt', flow:to_server,established,no_stream, content:'LOGIN', fast_pattern:only, detection_filter:track by_dst, count 30, seconds 30, metadata:ruleset community, service imap, reference:url,attack.mitre.org/techniques/T1110, classtype:suspicious-login, sid:2273, rev:12,)
08/09-22:16:52.403438 ;2273;3;1;10.5.1.110;10.5.2.2;alert tcp $EXTERNAL_NET any -> $HOME_NET 143 (msg:'PROTOCOL-IMAP login brute force attempt', flow:to_server,established,no_stream, content:'LOGIN', fast_pattern:only, detection_filter:track by_dst, count 30, seconds 30, metadata:ruleset community, service imap, reference:url,attack.mitre.org/techniques/T1110, classtype:suspicious-login, sid:2273, rev:12,)
08/09-22:16:55.973661 ;2273;3;1;10.5.1.110;10.5.2.2;alert tcp $EXTERNAL_NET any -> $HOME_NET 143 (msg:'PROTOCOL-IMAP login brute force attempt', flow:to_server,established,no_stream, content:'LOGIN', fast_pattern:only, detection_filter:track by_dst, count 30, seconds 30, metadata:ruleset community, service imap, reference:url,attack.mitre.org/techniques/T1110, classtype:suspicious-login, sid:2273, rev:12,)
08/09-22:16:59.404849 ;2273;3;1;10.5.1.110;10.5.2.2;alert tcp $EXTERNAL_NET any -> $HOME_NET 143 (msg:'PROTOCOL-IMAP login brute force attempt', flow:to_server,established,no_stream, content:'LOGIN', fast_pattern:only, detection_filter:track by_dst, count 30, seconds 30, metadata:ruleset community, service imap, reference:url,attack.mitre.org/techniques/T1110, classtype:suspicious-login, sid:2273, rev:12,)
08/09-22:17:02.803392 ;2273;3;1;10.5.1.110;10.5.2.2;alert tcp $EXTERNAL_NET any -> $HOME_NET 143 (msg:'PROTOCOL-IMAP login brute force attempt', flow:to_server,established,no_stream, content:'LOGIN', fast_pattern:only, detection_filter:track by_dst, count 30, seconds 30, metadata:ruleset community, service imap, reference:url,attack.mitre.org/techniques/T1110, classtype:suspicious-login, sid:2273, rev:12,)
08/09-22:17:06.298438 ;2273;3;1;10.5.1.110;10.5.2.2;alert tcp $EXTERNAL_NET any -> $HOME_NET 143 (msg:'PROTOCOL-IMAP login brute force attempt', flow:to_server,established,no_stream, content:'LOGIN', fast_pattern:only, detection_filter:track by_dst, count 30, seconds 30, metadata:ruleset community, service imap, reference:url,attack.mitre.org/techniques/T1110, classtype:suspicious-login, sid:2273, rev:12,)
08/09-22:17:10.328455 ;2273;3;1;10.5.1.110;10.5.2.2;alert tcp $EXTERNAL_NET any -> $HOME_NET 143 (msg:'PROTOCOL-IMAP login brute force attempt', flow:to_server,established,no_stream, content:'LOGIN', fast_pattern:only, detection_filter:track by_dst, count 30, seconds 30, metadata:ruleset community, service imap, reference:url,attack.mitre.org/techniques/T1110, classtype:suspicious-login, sid:2273, rev:12,)
08/09-22:17:13.919093 ;2273;3;1;10.5.1.110;10.5.2.2;alert tcp $EXTERNAL_NET any -> $HOME_NET 143 (msg:'PROTOCOL-IMAP login brute force attempt', flow:to_server,established,no_stream, content:'LOGIN', fast_pattern:only, detection_filter:track by_dst, count 30, seconds 30, metadata:ruleset community, service imap, reference:url,attack.mitre.org/techniques/T1110, classtype:suspicious-login, sid:2273, rev:12,)
08/10-00:36:44.798394 ;1334;2;0;10.5.1.110;10.5.2.2;alert tcp $EXTERNAL_NET any -> $HTTP_SERVERS $HTTP_PORTS (msg:'DELETED WEB-ATTACKS echo command attempt', flow:to_server,established, content:'/bin/echo', nocase, classtype:web-application-attack, sid:1334, rev:7,)
08/10-00:37:15.734451 ;1334;2;0;10.5.1.110;10.5.2.2;alert tcp $EXTERNAL_NET any -> $HTTP_SERVERS $HTTP_PORTS (msg:'DELETED WEB-ATTACKS echo command attempt', flow:to_server,established, content:'/bin/echo', nocase, classtype:web-application-attack, sid:1334, rev:7,)
08/10-00:37:27.394150 ;1334;2;0;10.5.1.110;10.5.2.2;alert tcp $EXTERNAL_NET any -> $HTTP_SERVERS $HTTP_PORTS (msg:'DELETED WEB-ATTACKS echo command attempt', flow:to_server,established, content:'/bin/echo', nocase, classtype:web-application-attack, sid:1334, rev:7,)
08/10-00:38:42.669137 ;1334;2;0;10.5.1.110;10.5.2.2;alert tcp $EXTERNAL_NET any -> $HTTP_SERVERS $HTTP_PORTS (msg:'DELETED WEB-ATTACKS echo command attempt', flow:to_server,established, content:'/bin/echo', nocase, classtype:web-application-attack, sid:1334, rev:7,)
08/10-00:39:14.071734 ;1334;2;0;10.5.1.110;10.5.2.2;alert tcp $EXTERNAL_NET any -> $HTTP_SERVERS $HTTP_PORTS (msg:'DELETED WEB-ATTACKS echo command attempt', flow:to_server,established, content:'/bin/echo', nocase, classtype:web-application-attack, sid:1334, rev:7,)
08/10-00:39:37.916651 ;1334;2;0;10.5.1.110;10.5.2.2;alert tcp $EXTERNAL_NET any -> $HTTP_SERVERS $HTTP_PORTS (msg:'DELETED WEB-ATTACKS echo command attempt', flow:to_server,established, content:'/bin/echo', nocase, classtype:web-application-attack, sid:1334, rev:7,)
08/10-00:40:09.780682 ;1334;2;0;10.5.1.110;10.5.2.2;alert tcp $EXTERNAL_NET any -> $HTTP_SERVERS $HTTP_PORTS (msg:'DELETED WEB-ATTACKS echo command attempt', flow:to_server,established, content:'/bin/echo', nocase, classtype:web-application-attack, sid:1334, rev:7,)
08/10-18:26:32.166634 ;3065;4;0;10.5.1.110;10.5.2.2;alert tcp $EXTERNAL_NET any -> $HOME_NET 143 (msg:'PROTOCOL-IMAP append literal overflow attempt', flow:established,to_server, content:'APPEND', fast_pattern:only, pcre:'/sAPPENDs[^\n]*?s{/smi', byte_test:5,>,256,0,string,dec,relative, metadata:ruleset community, service imap, reference:bugtraq,11775, reference:cve,2004-1211, reference:nessus,15867, classtype:misc-attack, sid:3065, rev:11,)
08/10-18:26:34.294631 ;3065;4;0;10.5.1.110;10.5.2.2;alert tcp $EXTERNAL_NET any -> $HOME_NET 143 (msg:'PROTOCOL-IMAP append literal overflow attempt', flow:established,to_server, content:'APPEND', fast_pattern:only, pcre:'/sAPPENDs[^\n]*?s{/smi', byte_test:5,>,256,0,string,dec,relative, metadata:ruleset community, service imap, reference:bugtraq,11775, reference:cve,2004-1211, reference:nessus,15867, classtype:misc-attack, sid:3065, rev:11,)
08/10-18:26:36.430471 ;3065;4;0;10.5.1.110;10.5.2.2;alert tcp $EXTERNAL_NET any -> $HOME_NET 143 (msg:'PROTOCOL-IMAP append literal overflow attempt', flow:established,to_server, content:'APPEND', fast_pattern:only, pcre:'/sAPPENDs[^\n]*?s{/smi', byte_test:5,>,256,0,string,dec,relative, metadata:ruleset community, service imap, reference:bugtraq,11775, reference:cve,2004-1211, reference:nessus,15867, classtype:misc-attack, sid:3065, rev:11,)
08/10-18:26:38.558577 ;3065;4;0;10.5.1.110;10.5.2.2;alert tcp $EXTERNAL_NET any -> $HOME_NET 143 (msg:'PROTOCOL-IMAP append literal overflow attempt', flow:established,to_server, content:'APPEND', fast_pattern:only, pcre:'/sAPPENDs[^\n]*?s{/smi', byte_test:5,>,256,0,string,dec,relative, metadata:ruleset community, service imap, reference:bugtraq,11775, reference:cve,2004-1211, reference:nessus,15867, classtype:misc-attack, sid:3065, rev:11,)
08/10-18:26:40.694462 ;3065;4;0;10.5.1.110;10.5.2.2;alert tcp $EXTERNAL_NET any -> $HOME_NET 143 (msg:'PROTOCOL-IMAP append literal overflow attempt', flow:established,to_server, content:'APPEND', fast_pattern:only, pcre:'/sAPPENDs[^\n]*?s{/smi', byte_test:5,>,256,0,string,dec,relative, metadata:ruleset community, service imap, reference:bugtraq,11775, reference:cve,2004-1211, reference:nessus,15867, classtype:misc-attack, sid:3065, rev:11,)
08/10-18:26:42.826612 ;3065;4;0;10.5.1.110;10.5.2.2;alert tcp $EXTERNAL_NET any -> $HOME_NET 143 (msg:'PROTOCOL-IMAP append literal overflow attempt', flow:established,to_server, content:'APPEND', fast_pattern:only, pcre:'/sAPPENDs[^\n]*?s{/smi', byte_test:5,>,256,0,string,dec,relative, metadata:ruleset community, service imap, reference:bugtraq,11775, reference:cve,2004-1211, reference:nessus,15867, classtype:misc-attack, sid:3065, rev:11,)
08/10-18:26:44.962588 ;3065;4;0;10.5.1.110;10.5.2.2;alert tcp $EXTERNAL_NET any -> $HOME_NET 143 (msg:'PROTOCOL-IMAP append literal overflow attempt', flow:established,to_server, content:'APPEND', fast_pattern:only, pcre:'/sAPPENDs[^\n]*?s{/smi', byte_test:5,>,256,0,string,dec,relative, metadata:ruleset community, service imap, reference:bugtraq,11775, reference:cve,2004-1211, reference:nessus,15867, classtype:misc-attack, sid:3065, rev:11,)
08/10-18:26:47.090446 ;3065;4;0;10.5.1.110;10.5.2.2;alert tcp $EXTERNAL_NET any -> $HOME_NET 143 (msg:'PROTOCOL-IMAP append literal overflow attempt', flow:established,to_server, content:'APPEND', fast_pattern:only, pcre:'/sAPPENDs[^\n]*?s{/smi', byte_test:5,>,256,0,string,dec,relative, metadata:ruleset community, service imap, reference:bugtraq,11775, reference:cve,2004-1211, reference:nessus,15867, classtype:misc-attack, sid:3065, rev:11,)
08/10-18:26:49.222394 ;3065;4;0;10.5.1.110;10.5.2.2;alert tcp $EXTERNAL_NET any -> $HOME_NET 143 (msg:'PROTOCOL-IMAP append literal overflow attempt', flow:established,to_server, content:'APPEND', fast_pattern:only, pcre:'/sAPPENDs[^\n]*?s{/smi', byte_test:5,>,256,0,string,dec,relative, metadata:ruleset community, service imap, reference:bugtraq,11775, reference:cve,2004-1211, reference:nessus,15867, classtype:misc-attack, sid:3065, rev:11,)
08/10-18:26:51.354381 ;3065;4;0;10.5.1.110;10.5.2.2;alert tcp $EXTERNAL_NET any -> $HOME_NET 143 (msg:'PROTOCOL-IMAP append literal overflow attempt', flow:established,to_server, content:'APPEND', fast_pattern:only, pcre:'/sAPPENDs[^\n]*?s{/smi', byte_test:5,>,256,0,string,dec,relative, metadata:ruleset community, service imap, reference:bugtraq,11775, reference:cve,2004-1211, reference:nessus,15867, classtype:misc-attack, sid:3065, rev:11,)
08/10-18:26:53.482388 ;3065;4;0;10.5.1.110;10.5.2.2;alert tcp $EXTERNAL_NET any -> $HOME_NET 143 (msg:'PROTOCOL-IMAP append literal overflow attempt', flow:established,to_server, content:'APPEND', fast_pattern:only, pcre:'/sAPPENDs[^\n]*?s{/smi', byte_test:5,>,256,0,string,dec,relative, metadata:ruleset community, service imap, reference:bugtraq,11775, reference:cve,2004-1211, reference:nessus,15867, classtype:misc-attack, sid:3065, rev:11,)
08/10-18:26:55.610429 ;3065;4;0;10.5.1.110;10.5.2.2;alert tcp $EXTERNAL_NET any -> $HOME_NET 143 (msg:'PROTOCOL-IMAP append literal overflow attempt', flow:established,to_server, content:'APPEND', fast_pattern:only, pcre:'/sAPPENDs[^\n]*?s{/smi', byte_test:5,>,256,0,string,dec,relative, metadata:ruleset community, service imap, reference:bugtraq,11775, reference:cve,2004-1211, reference:nessus,15867, classtype:misc-attack, sid:3065, rev:11,)
08/10-18:26:57.738337 ;3065;4;0;10.5.1.110;10.5.2.2;alert tcp $EXTERNAL_NET any -> $HOME_NET 143 (msg:'PROTOCOL-IMAP append literal overflow attempt', flow:established,to_server, content:'APPEND', fast_pattern:only, pcre:'/sAPPENDs[^\n]*?s{/smi', byte_test:5,>,256,0,string,dec,relative, metadata:ruleset community, service imap, reference:bugtraq,11775, reference:cve,2004-1211, reference:nessus,15867, classtype:misc-attack, sid:3065, rev:11,)
08/10-18:26:59.874326 ;3065;4;0;10.5.1.110;10.5.2.2;alert tcp $EXTERNAL_NET any -> $HOME_NET 143 (msg:'PROTOCOL-IMAP append literal overflow attempt', flow:established,to_server, content:'APPEND', fast_pattern:only, pcre:'/sAPPENDs[^\n]*?s{/smi', byte_test:5,>,256,0,string,dec,relative, metadata:ruleset community, service imap, reference:bugtraq,11775, reference:cve,2004-1211, reference:nessus,15867, classtype:misc-attack, sid:3065, rev:11,)
08/10-18:27:02.010310 ;3065;4;0;10.5.1.110;10.5.2.2;alert tcp $EXTERNAL_NET any -> $HOME_NET 143 (msg:'PROTOCOL-IMAP append literal overflow attempt', flow:established,to_server, content:'APPEND', fast_pattern:only, pcre:'/sAPPENDs[^\n]*?s{/smi', byte_test:5,>,256,0,string,dec,relative, metadata:ruleset community, service imap, reference:bugtraq,11775, reference:cve,2004-1211, reference:nessus,15867, classtype:misc-attack, sid:3065, rev:11,)
08/10-18:27:04.142297 ;3065;4;0;10.5.1.110;10.5.2.2;alert tcp $EXTERNAL_NET any -> $HOME_NET 143 (msg:'PROTOCOL-IMAP append literal overflow attempt', flow:established,to_server, content:'APPEND', fast_pattern:only, pcre:'/sAPPENDs[^\n]*?s{/smi', byte_test:5,>,256,0,string,dec,relative, metadata:ruleset community, service imap, reference:bugtraq,11775, reference:cve,2004-1211, reference:nessus,15867, classtype:misc-attack, sid:3065, rev:11,)
08/10-18:27:06.274259 ;3065;4;0;10.5.1.110;10.5.2.2;alert tcp $EXTERNAL_NET any -> $HOME_NET 143 (msg:'PROTOCOL-IMAP append literal overflow attempt', flow:established,to_server, content:'APPEND', fast_pattern:only, pcre:'/sAPPENDs[^\n]*?s{/smi', byte_test:5,>,256,0,string,dec,relative, metadata:ruleset community, service imap, reference:bugtraq,11775, reference:cve,2004-1211, reference:nessus,15867, classtype:misc-attack, sid:3065, rev:11,)
08/10-18:27:08.410278 ;3065;4;0;10.5.1.110;10.5.2.2;alert tcp $EXTERNAL_NET any -> $HOME_NET 143 (msg:'PROTOCOL-IMAP append literal overflow attempt', flow:established,to_server, content:'APPEND', fast_pattern:only, pcre:'/sAPPENDs[^\n]*?s{/smi', byte_test:5,>,256,0,string,dec,relative, metadata:ruleset community, service imap, reference:bugtraq,11775, reference:cve,2004-1211, reference:nessus,15867, classtype:misc-attack, sid:3065, rev:11,)
08/10-18:27:10.538296 ;3065;4;0;10.5.1.110;10.5.2.2;alert tcp $EXTERNAL_NET any -> $HOME_NET 143 (msg:'PROTOCOL-IMAP append literal overflow attempt', flow:established,to_server, content:'APPEND', fast_pattern:only, pcre:'/sAPPENDs[^\n]*?s{/smi', byte_test:5,>,256,0,string,dec,relative, metadata:ruleset community, service imap, reference:bugtraq,11775, reference:cve,2004-1211, reference:nessus,15867, classtype:misc-attack, sid:3065, rev:11,)
08/10-18:27:12.670243 ;3065;4;0;10.5.1.110;10.5.2.2;alert tcp $EXTERNAL_NET any -> $HOME_NET 143 (msg:'PROTOCOL-IMAP append literal overflow attempt', flow:established,to_server, content:'APPEND', fast_pattern:only, pcre:'/sAPPENDs[^\n]*?s{/smi', byte_test:5,>,256,0,string,dec,relative, metadata:ruleset community, service imap, reference:bugtraq,11775, reference:cve,2004-1211, reference:nessus,15867, classtype:misc-attack, sid:3065, rev:11,)
08/10-18:27:14.802273 ;3065;4;0;10.5.1.110;10.5.2.2;alert tcp $EXTERNAL_NET any -> $HOME_NET 143 (msg:'PROTOCOL-IMAP append literal overflow attempt', flow:established,to_server, content:'APPEND', fast_pattern:only, pcre:'/sAPPENDs[^\n]*?s{/smi', byte_test:5,>,256,0,string,dec,relative, metadata:ruleset community, service imap, reference:bugtraq,11775, reference:cve,2004-1211, reference:nessus,15867, classtype:misc-attack, sid:3065, rev:11,)
08/10-18:27:16.930274 ;3065;4;0;10.5.1.110;10.5.2.2;alert tcp $EXTERNAL_NET any -> $HOME_NET 143 (msg:'PROTOCOL-IMAP append literal overflow attempt', flow:established,to_server, content:'APPEND', fast_pattern:only, pcre:'/sAPPENDs[^\n]*?s{/smi', byte_test:5,>,256,0,string,dec,relative, metadata:ruleset community, service imap, reference:bugtraq,11775, reference:cve,2004-1211, reference:nessus,15867, classtype:misc-attack, sid:3065, rev:11,)
08/10-18:27:19.058187 ;3065;4;0;10.5.1.110;10.5.2.2;alert tcp $EXTERNAL_NET any -> $HOME_NET 143 (msg:'PROTOCOL-IMAP append literal overflow attempt', flow:established,to_server, content:'APPEND', fast_pattern:only, pcre:'/sAPPENDs[^\n]*?s{/smi', byte_test:5,>,256,0,string,dec,relative, metadata:ruleset community, service imap, reference:bugtraq,11775, reference:cve,2004-1211, reference:nessus,15867, classtype:misc-attack, sid:3065, rev:11,)
08/10-18:27:21.186231 ;3065;4;0;10.5.1.110;10.5.2.2;alert tcp $EXTERNAL_NET any -> $HOME_NET 143 (msg:'PROTOCOL-IMAP append literal overflow attempt', flow:established,to_server, content:'APPEND', fast_pattern:only, pcre:'/sAPPENDs[^\n]*?s{/smi', byte_test:5,>,256,0,string,dec,relative, metadata:ruleset community, service imap, reference:bugtraq,11775, reference:cve,2004-1211, reference:nessus,15867, classtype:misc-attack, sid:3065, rev:11,)
08/10-18:27:23.318176 ;3065;4;0;10.5.1.110;10.5.2.2;alert tcp $EXTERNAL_NET any -> $HOME_NET 143 (msg:'PROTOCOL-IMAP append literal overflow attempt', flow:established,to_server, content:'APPEND', fast_pattern:only, pcre:'/sAPPENDs[^\n]*?s{/smi', byte_test:5,>,256,0,string,dec,relative, metadata:ruleset community, service imap, reference:bugtraq,11775, reference:cve,2004-1211, reference:nessus,15867, classtype:misc-attack, sid:3065, rev:11,)
08/10-18:27:24.710167 ;3065;4;0;10.5.1.110;10.5.2.2;alert tcp $EXTERNAL_NET any -> $HOME_NET 143 (msg:'PROTOCOL-IMAP append literal overflow attempt', flow:established,to_server, content:'APPEND', fast_pattern:only, pcre:'/sAPPENDs[^\n]*?s{/smi', byte_test:5,>,256,0,string,dec,relative, metadata:ruleset community, service imap, reference:bugtraq,11775, reference:cve,2004-1211, reference:nessus,15867, classtype:misc-attack, sid:3065, rev:11,)
08/10-18:27:25.842235 ;3065;4;0;10.5.1.110;10.5.2.2;alert tcp $EXTERNAL_NET any -> $HOME_NET 143 (msg:'PROTOCOL-IMAP append literal overflow attempt', flow:established,to_server, content:'APPEND', fast_pattern:only, pcre:'/sAPPENDs[^\n]*?s{/smi', byte_test:5,>,256,0,string,dec,relative, metadata:ruleset community, service imap, reference:bugtraq,11775, reference:cve,2004-1211, reference:nessus,15867, classtype:misc-attack, sid:3065, rev:11,)
08/10-18:27:26.978189 ;3065;4;0;10.5.1.110;10.5.2.2;alert tcp $EXTERNAL_NET any -> $HOME_NET 143 (msg:'PROTOCOL-IMAP append literal overflow attempt', flow:established,to_server, content:'APPEND', fast_pattern:only, pcre:'/sAPPENDs[^\n]*?s{/smi', byte_test:5,>,256,0,string,dec,relative, metadata:ruleset community, service imap, reference:bugtraq,11775, reference:cve,2004-1211, reference:nessus,15867, classtype:misc-attack, sid:3065, rev:11,)
08/10-18:27:28.110207 ;3065;4;0;10.5.1.110;10.5.2.2;alert tcp $EXTERNAL_NET any -> $HOME_NET 143 (msg:'PROTOCOL-IMAP append literal overflow attempt', flow:established,to_server, content:'APPEND', fast_pattern:only, pcre:'/sAPPENDs[^\n]*?s{/smi', byte_test:5,>,256,0,string,dec,relative, metadata:ruleset community, service imap, reference:bugtraq,11775, reference:cve,2004-1211, reference:nessus,15867, classtype:misc-attack, sid:3065, rev:11,)
08/10-18:27:29.242226 ;3065;4;0;10.5.1.110;10.5.2.2;alert tcp $EXTERNAL_NET any -> $HOME_NET 143 (msg:'PROTOCOL-IMAP append literal overflow attempt', flow:established,to_server, content:'APPEND', fast_pattern:only, pcre:'/sAPPENDs[^\n]*?s{/smi', byte_test:5,>,256,0,string,dec,relative, metadata:ruleset community, service imap, reference:bugtraq,11775, reference:cve,2004-1211, reference:nessus,15867, classtype:misc-attack, sid:3065, rev:11,)
08/10-18:27:30.386262 ;3065;4;0;10.5.1.110;10.5.2.2;alert tcp $EXTERNAL_NET any -> $HOME_NET 143 (msg:'PROTOCOL-IMAP append literal overflow attempt', flow:established,to_server, content:'APPEND', fast_pattern:only, pcre:'/sAPPENDs[^\n]*?s{/smi', byte_test:5,>,256,0,string,dec,relative, metadata:ruleset community, service imap, reference:bugtraq,11775, reference:cve,2004-1211, reference:nessus,15867, classtype:misc-attack, sid:3065, rev:11,)
08/10-18:29:25.989141 ;3065;4;0;10.5.1.110;10.5.2.2;alert tcp $EXTERNAL_NET any -> $HOME_NET 143 (msg:'PROTOCOL-IMAP append literal overflow attempt', flow:established,to_server, content:'APPEND', fast_pattern:only, pcre:'/sAPPENDs[^\n]*?s{/smi', byte_test:5,>,256,0,string,dec,relative, metadata:ruleset community, service imap, reference:bugtraq,11775, reference:cve,2004-1211, reference:nessus,15867, classtype:misc-attack, sid:3065, rev:11,)
08/10-18:30:05.661232 ;3065;4;0;10.5.1.110;10.5.2.2;alert tcp $EXTERNAL_NET any -> $HOME_NET 143 (msg:'PROTOCOL-IMAP append literal overflow attempt', flow:established,to_server, content:'APPEND', fast_pattern:only, pcre:'/sAPPENDs[^\n]*?s{/smi', byte_test:5,>,256,0,string,dec,relative, metadata:ruleset community, service imap, reference:bugtraq,11775, reference:cve,2004-1211, reference:nessus,15867, classtype:misc-attack, sid:3065, rev:11,)
08/10-18:31:19.264370 ;3065;4;0;10.5.1.110;10.5.2.2;alert tcp $EXTERNAL_NET any -> $HOME_NET 143 (msg:'PROTOCOL-IMAP append literal overflow attempt', flow:established,to_server, content:'APPEND', fast_pattern:only, pcre:'/sAPPENDs[^\n]*?s{/smi', byte_test:5,>,256,0,string,dec,relative, metadata:ruleset community, service imap, reference:bugtraq,11775, reference:cve,2004-1211, reference:nessus,15867, classtype:misc-attack, sid:3065, rev:11,)
08/10-18:31:36.172353 ;3065;4;0;10.5.1.110;10.5.2.2;alert tcp $EXTERNAL_NET any -> $HOME_NET 143 (msg:'PROTOCOL-IMAP append literal overflow attempt', flow:established,to_server, content:'APPEND', fast_pattern:only, pcre:'/sAPPENDs[^\n]*?s{/smi', byte_test:5,>,256,0,string,dec,relative, metadata:ruleset community, service imap, reference:bugtraq,11775, reference:cve,2004-1211, reference:nessus,15867, classtype:misc-attack, sid:3065, rev:11,)
08/10-18:31:41.972209 ;3065;4;0;10.5.1.110;10.5.2.2;alert tcp $EXTERNAL_NET any -> $HOME_NET 143 (msg:'PROTOCOL-IMAP append literal overflow attempt', flow:established,to_server, content:'APPEND', fast_pattern:only, pcre:'/sAPPENDs[^\n]*?s{/smi', byte_test:5,>,256,0,string,dec,relative, metadata:ruleset community, service imap, reference:bugtraq,11775, reference:cve,2004-1211, reference:nessus,15867, classtype:misc-attack, sid:3065, rev:11,)
08/10-18:31:43.008177 ;3065;4;0;10.5.1.110;10.5.2.2;alert tcp $EXTERNAL_NET any -> $HOME_NET 143 (msg:'PROTOCOL-IMAP append literal overflow attempt', flow:established,to_server, content:'APPEND', fast_pattern:only, pcre:'/sAPPENDs[^\n]*?s{/smi', byte_test:5,>,256,0,string,dec,relative, metadata:ruleset community, service imap, reference:bugtraq,11775, reference:cve,2004-1211, reference:nessus,15867, classtype:misc-attack, sid:3065, rev:11,)
08/10-18:32:27.576324 ;3065;4;0;10.5.1.110;10.5.2.2;alert tcp $EXTERNAL_NET any -> $HOME_NET 143 (msg:'PROTOCOL-IMAP append literal overflow attempt', flow:established,to_server, content:'APPEND', fast_pattern:only, pcre:'/sAPPENDs[^\n]*?s{/smi', byte_test:5,>,256,0,string,dec,relative, metadata:ruleset community, service imap, reference:bugtraq,11775, reference:cve,2004-1211, reference:nessus,15867, classtype:misc-attack, sid:3065, rev:11,)
08/10-18:32:35.871774 ;3065;4;0;10.5.1.110;10.5.2.2;alert tcp $EXTERNAL_NET any -> $HOME_NET 143 (msg:'PROTOCOL-IMAP append literal overflow attempt', flow:established,to_server, content:'APPEND', fast_pattern:only, pcre:'/sAPPENDs[^\n]*?s{/smi', byte_test:5,>,256,0,string,dec,relative, metadata:ruleset community, service imap, reference:bugtraq,11775, reference:cve,2004-1211, reference:nessus,15867, classtype:misc-attack, sid:3065, rev:11,)
08/10-18:33:20.211365 ;3065;4;0;10.5.1.110;10.5.2.2;alert tcp $EXTERNAL_NET any -> $HOME_NET 143 (msg:'PROTOCOL-IMAP append literal overflow attempt', flow:established,to_server, content:'APPEND', fast_pattern:only, pcre:'/sAPPENDs[^\n]*?s{/smi', byte_test:5,>,256,0,string,dec,relative, metadata:ruleset community, service imap, reference:bugtraq,11775, reference:cve,2004-1211, reference:nessus,15867, classtype:misc-attack, sid:3065, rev:11,)
08/10-18:34:16.470822 ;3065;4;0;10.5.1.110;10.5.2.2;alert tcp $EXTERNAL_NET any -> $HOME_NET 143 (msg:'PROTOCOL-IMAP append literal overflow attempt', flow:established,to_server, content:'APPEND', fast_pattern:only, pcre:'/sAPPENDs[^\n]*?s{/smi', byte_test:5,>,256,0,string,dec,relative, metadata:ruleset community, service imap, reference:bugtraq,11775, reference:cve,2004-1211, reference:nessus,15867, classtype:misc-attack, sid:3065, rev:11,)
08/10-18:35:26.134466 ;3065;4;0;10.5.1.110;10.5.2.2;alert tcp $EXTERNAL_NET any -> $HOME_NET 143 (msg:'PROTOCOL-IMAP append literal overflow attempt', flow:established,to_server, content:'APPEND', fast_pattern:only, pcre:'/sAPPENDs[^\n]*?s{/smi', byte_test:5,>,256,0,string,dec,relative, metadata:ruleset community, service imap, reference:bugtraq,11775, reference:cve,2004-1211, reference:nessus,15867, classtype:misc-attack, sid:3065, rev:11,)
08/10-18:36:04.153878 ;3065;4;0;10.5.1.110;10.5.2.2;alert tcp $EXTERNAL_NET any -> $HOME_NET 143 (msg:'PROTOCOL-IMAP append literal overflow attempt', flow:established,to_server, content:'APPEND', fast_pattern:only, pcre:'/sAPPENDs[^\n]*?s{/smi', byte_test:5,>,256,0,string,dec,relative, metadata:ruleset community, service imap, reference:bugtraq,11775, reference:cve,2004-1211, reference:nessus,15867, classtype:misc-attack, sid:3065, rev:11,)
08/10-18:36:54.877749 ;3065;4;0;10.5.1.110;10.5.2.2;alert tcp $EXTERNAL_NET any -> $HOME_NET 143 (msg:'PROTOCOL-IMAP append literal overflow attempt', flow:established,to_server, content:'APPEND', fast_pattern:only, pcre:'/sAPPENDs[^\n]*?s{/smi', byte_test:5,>,256,0,string,dec,relative, metadata:ruleset community, service imap, reference:bugtraq,11775, reference:cve,2004-1211, reference:nessus,15867, classtype:misc-attack, sid:3065, rev:11,)
08/10-18:38:50.136795 ;3065;4;0;10.5.1.110;10.5.2.2;alert tcp $EXTERNAL_NET any -> $HOME_NET 143 (msg:'PROTOCOL-IMAP append literal overflow attempt', flow:established,to_server, content:'APPEND', fast_pattern:only, pcre:'/sAPPENDs[^\n]*?s{/smi', byte_test:5,>,256,0,string,dec,relative, metadata:ruleset community, service imap, reference:bugtraq,11775, reference:cve,2004-1211, reference:nessus,15867, classtype:misc-attack, sid:3065, rev:11,)
08/10-18:43:23.050749 ;3065;4;0;10.5.1.110;10.5.2.2;alert tcp $EXTERNAL_NET any -> $HOME_NET 143 (msg:'PROTOCOL-IMAP append literal overflow attempt', flow:established,to_server, content:'APPEND', fast_pattern:only, pcre:'/sAPPENDs[^\n]*?s{/smi', byte_test:5,>,256,0,string,dec,relative, metadata:ruleset community, service imap, reference:bugtraq,11775, reference:cve,2004-1211, reference:nessus,15867, classtype:misc-attack, sid:3065, rev:11,)
08/10-18:44:24.134077 ;3065;4;0;10.5.1.110;10.5.2.2;alert tcp $EXTERNAL_NET any -> $HOME_NET 143 (msg:'PROTOCOL-IMAP append literal overflow attempt', flow:established,to_server, content:'APPEND', fast_pattern:only, pcre:'/sAPPENDs[^\n]*?s{/smi', byte_test:5,>,256,0,string,dec,relative, metadata:ruleset community, service imap, reference:bugtraq,11775, reference:cve,2004-1211, reference:nessus,15867, classtype:misc-attack, sid:3065, rev:11,)
08/10-18:45:48.693389 ;3065;4;0;10.5.1.110;10.5.2.2;alert tcp $EXTERNAL_NET any -> $HOME_NET 143 (msg:'PROTOCOL-IMAP append literal overflow attempt', flow:established,to_server, content:'APPEND', fast_pattern:only, pcre:'/sAPPENDs[^\n]*?s{/smi', byte_test:5,>,256,0,string,dec,relative, metadata:ruleset community, service imap, reference:bugtraq,11775, reference:cve,2004-1211, reference:nessus,15867, classtype:misc-attack, sid:3065, rev:11,)
08/10-18:47:48.584738 ;3065;4;0;10.5.1.110;10.5.2.2;alert tcp $EXTERNAL_NET any -> $HOME_NET 143 (msg:'PROTOCOL-IMAP append literal overflow attempt', flow:established,to_server, content:'APPEND', fast_pattern:only, pcre:'/sAPPENDs[^\n]*?s{/smi', byte_test:5,>,256,0,string,dec,relative, metadata:ruleset community, service imap, reference:bugtraq,11775, reference:cve,2004-1211, reference:nessus,15867, classtype:misc-attack, sid:3065, rev:11,)
08/10-18:49:52.576040 ;3065;4;0;10.5.1.110;10.5.2.2;alert tcp $EXTERNAL_NET any -> $HOME_NET 143 (msg:'PROTOCOL-IMAP append literal overflow attempt', flow:established,to_server, content:'APPEND', fast_pattern:only, pcre:'/sAPPENDs[^\n]*?s{/smi', byte_test:5,>,256,0,string,dec,relative, metadata:ruleset community, service imap, reference:bugtraq,11775, reference:cve,2004-1211, reference:nessus,15867, classtype:misc-attack, sid:3065, rev:11,)
08/10-18:55:41.788988 ;3065;4;0;10.5.1.110;10.5.2.2;alert tcp $EXTERNAL_NET any -> $HOME_NET 143 (msg:'PROTOCOL-IMAP append literal overflow attempt', flow:established,to_server, content:'APPEND', fast_pattern:only, pcre:'/sAPPENDs[^\n]*?s{/smi', byte_test:5,>,256,0,string,dec,relative, metadata:ruleset community, service imap, reference:bugtraq,11775, reference:cve,2004-1211, reference:nessus,15867, classtype:misc-attack, sid:3065, rev:11,)
08/10-18:56:32.757816 ;3065;4;0;10.5.1.110;10.5.2.2;alert tcp $EXTERNAL_NET any -> $HOME_NET 143 (msg:'PROTOCOL-IMAP append literal overflow attempt', flow:established,to_server, content:'APPEND', fast_pattern:only, pcre:'/sAPPENDs[^\n]*?s{/smi', byte_test:5,>,256,0,string,dec,relative, metadata:ruleset community, service imap, reference:bugtraq,11775, reference:cve,2004-1211, reference:nessus,15867, classtype:misc-attack, sid:3065, rev:11,)
08/10-18:58:43.412996 ;3065;4;0;10.5.1.110;10.5.2.2;alert tcp $EXTERNAL_NET any -> $HOME_NET 143 (msg:'PROTOCOL-IMAP append literal overflow attempt', flow:established,to_server, content:'APPEND', fast_pattern:only, pcre:'/sAPPENDs[^\n]*?s{/smi', byte_test:5,>,256,0,string,dec,relative, metadata:ruleset community, service imap, reference:bugtraq,11775, reference:cve,2004-1211, reference:nessus,15867, classtype:misc-attack, sid:3065, rev:11,)
08/10-19:00:36.750997 ;3065;4;0;10.5.1.110;10.5.2.2;alert tcp $EXTERNAL_NET any -> $HOME_NET 143 (msg:'PROTOCOL-IMAP append literal overflow attempt', flow:established,to_server, content:'APPEND', fast_pattern:only, pcre:'/sAPPENDs[^\n]*?s{/smi', byte_test:5,>,256,0,string,dec,relative, metadata:ruleset community, service imap, reference:bugtraq,11775, reference:cve,2004-1211, reference:nessus,15867, classtype:misc-attack, sid:3065, rev:11,)
08/10-19:02:14.082162 ;3065;4;0;10.5.1.110;10.5.2.2;alert tcp $EXTERNAL_NET any -> $HOME_NET 143 (msg:'PROTOCOL-IMAP append literal overflow attempt', flow:established,to_server, content:'APPEND', fast_pattern:only, pcre:'/sAPPENDs[^\n]*?s{/smi', byte_test:5,>,256,0,string,dec,relative, metadata:ruleset community, service imap, reference:bugtraq,11775, reference:cve,2004-1211, reference:nessus,15867, classtype:misc-attack, sid:3065, rev:11,)
08/10-19:04:03.002714 ;3065;4;0;10.5.1.110;10.5.2.2;alert tcp $EXTERNAL_NET any -> $HOME_NET 143 (msg:'PROTOCOL-IMAP append literal overflow attempt', flow:established,to_server, content:'APPEND', fast_pattern:only, pcre:'/sAPPENDs[^\n]*?s{/smi', byte_test:5,>,256,0,string,dec,relative, metadata:ruleset community, service imap, reference:bugtraq,11775, reference:cve,2004-1211, reference:nessus,15867, classtype:misc-attack, sid:3065, rev:11,)
08/10-19:05:49.420903 ;3065;4;0;10.5.1.110;10.5.2.2;alert tcp $EXTERNAL_NET any -> $HOME_NET 143 (msg:'PROTOCOL-IMAP append literal overflow attempt', flow:established,to_server, content:'APPEND', fast_pattern:only, pcre:'/sAPPENDs[^\n]*?s{/smi', byte_test:5,>,256,0,string,dec,relative, metadata:ruleset community, service imap, reference:bugtraq,11775, reference:cve,2004-1211, reference:nessus,15867, classtype:misc-attack, sid:3065, rev:11,)
08/10-19:08:17.018415 ;3065;4;0;10.5.1.110;10.5.2.2;alert tcp $EXTERNAL_NET any -> $HOME_NET 143 (msg:'PROTOCOL-IMAP append literal overflow attempt', flow:established,to_server, content:'APPEND', fast_pattern:only, pcre:'/sAPPENDs[^\n]*?s{/smi', byte_test:5,>,256,0,string,dec,relative, metadata:ruleset community, service imap, reference:bugtraq,11775, reference:cve,2004-1211, reference:nessus,15867, classtype:misc-attack, sid:3065, rev:11,)
08/10-19:09:40.587009 ;3065;4;0;10.5.1.110;10.5.2.2;alert tcp $EXTERNAL_NET any -> $HOME_NET 143 (msg:'PROTOCOL-IMAP append literal overflow attempt', flow:established,to_server, content:'APPEND', fast_pattern:only, pcre:'/sAPPENDs[^\n]*?s{/smi', byte_test:5,>,256,0,string,dec,relative, metadata:ruleset community, service imap, reference:bugtraq,11775, reference:cve,2004-1211, reference:nessus,15867, classtype:misc-attack, sid:3065, rev:11,)
08/10-19:12:15.009974 ;3065;4;0;10.5.1.110;10.5.2.2;alert tcp $EXTERNAL_NET any -> $HOME_NET 143 (msg:'PROTOCOL-IMAP append literal overflow attempt', flow:established,to_server, content:'APPEND', fast_pattern:only, pcre:'/sAPPENDs[^\n]*?s{/smi', byte_test:5,>,256,0,string,dec,relative, metadata:ruleset community, service imap, reference:bugtraq,11775, reference:cve,2004-1211, reference:nessus,15867, classtype:misc-attack, sid:3065, rev:11,)
08/10-19:15:42.068493 ;3065;4;0;10.5.1.110;10.5.2.2;alert tcp $EXTERNAL_NET any -> $HOME_NET 143 (msg:'PROTOCOL-IMAP append literal overflow attempt', flow:established,to_server, content:'APPEND', fast_pattern:only, pcre:'/sAPPENDs[^\n]*?s{/smi', byte_test:5,>,256,0,string,dec,relative, metadata:ruleset community, service imap, reference:bugtraq,11775, reference:cve,2004-1211, reference:nessus,15867, classtype:misc-attack, sid:3065, rev:11,)
08/10-19:18:15.719437 ;3065;4;0;10.5.1.110;10.5.2.2;alert tcp $EXTERNAL_NET any -> $HOME_NET 143 (msg:'PROTOCOL-IMAP append literal overflow attempt', flow:established,to_server, content:'APPEND', fast_pattern:only, pcre:'/sAPPENDs[^\n]*?s{/smi', byte_test:5,>,256,0,string,dec,relative, metadata:ruleset community, service imap, reference:bugtraq,11775, reference:cve,2004-1211, reference:nessus,15867, classtype:misc-attack, sid:3065, rev:11,)
08/10-19:21:52.671066 ;3065;4;0;10.5.1.110;10.5.2.2;alert tcp $EXTERNAL_NET any -> $HOME_NET 143 (msg:'PROTOCOL-IMAP append literal overflow attempt', flow:established,to_server, content:'APPEND', fast_pattern:only, pcre:'/sAPPENDs[^\n]*?s{/smi', byte_test:5,>,256,0,string,dec,relative, metadata:ruleset community, service imap, reference:bugtraq,11775, reference:cve,2004-1211, reference:nessus,15867, classtype:misc-attack, sid:3065, rev:11,)
08/10-19:26:34.279852 ;3065;4;0;10.5.1.110;10.5.2.2;alert tcp $EXTERNAL_NET any -> $HOME_NET 143 (msg:'PROTOCOL-IMAP append literal overflow attempt', flow:established,to_server, content:'APPEND', fast_pattern:only, pcre:'/sAPPENDs[^\n]*?s{/smi', byte_test:5,>,256,0,string,dec,relative, metadata:ruleset community, service imap, reference:bugtraq,11775, reference:cve,2004-1211, reference:nessus,15867, classtype:misc-attack, sid:3065, rev:11,)
08/10-19:28:02.515013 ;3065;4;0;10.5.1.110;10.5.2.2;alert tcp $EXTERNAL_NET any -> $HOME_NET 143 (msg:'PROTOCOL-IMAP append literal overflow attempt', flow:established,to_server, content:'APPEND', fast_pattern:only, pcre:'/sAPPENDs[^\n]*?s{/smi', byte_test:5,>,256,0,string,dec,relative, metadata:ruleset community, service imap, reference:bugtraq,11775, reference:cve,2004-1211, reference:nessus,15867, classtype:misc-attack, sid:3065, rev:11,)
08/10-19:30:17.317325 ;3065;4;0;10.5.1.110;10.5.2.2;alert tcp $EXTERNAL_NET any -> $HOME_NET 143 (msg:'PROTOCOL-IMAP append literal overflow attempt', flow:established,to_server, content:'APPEND', fast_pattern:only, pcre:'/sAPPENDs[^\n]*?s{/smi', byte_test:5,>,256,0,string,dec,relative, metadata:ruleset community, service imap, reference:bugtraq,11775, reference:cve,2004-1211, reference:nessus,15867, classtype:misc-attack, sid:3065, rev:11,)
08/10-19:31:59.538303 ;3065;4;0;10.5.1.110;10.5.2.2;alert tcp $EXTERNAL_NET any -> $HOME_NET 143 (msg:'PROTOCOL-IMAP append literal overflow attempt', flow:established,to_server, content:'APPEND', fast_pattern:only, pcre:'/sAPPENDs[^\n]*?s{/smi', byte_test:5,>,256,0,string,dec,relative, metadata:ruleset community, service imap, reference:bugtraq,11775, reference:cve,2004-1211, reference:nessus,15867, classtype:misc-attack, sid:3065, rev:11,)
08/10-19:34:35.828706 ;3065;4;0;10.5.1.110;10.5.2.2;alert tcp $EXTERNAL_NET any -> $HOME_NET 143 (msg:'PROTOCOL-IMAP append literal overflow attempt', flow:established,to_server, content:'APPEND', fast_pattern:only, pcre:'/sAPPENDs[^\n]*?s{/smi', byte_test:5,>,256,0,string,dec,relative, metadata:ruleset community, service imap, reference:bugtraq,11775, reference:cve,2004-1211, reference:nessus,15867, classtype:misc-attack, sid:3065, rev:11,)
08/10-19:38:04.690948 ;3065;4;0;10.5.1.110;10.5.2.2;alert tcp $EXTERNAL_NET any -> $HOME_NET 143 (msg:'PROTOCOL-IMAP append literal overflow attempt', flow:established,to_server, content:'APPEND', fast_pattern:only, pcre:'/sAPPENDs[^\n]*?s{/smi', byte_test:5,>,256,0,string,dec,relative, metadata:ruleset community, service imap, reference:bugtraq,11775, reference:cve,2004-1211, reference:nessus,15867, classtype:misc-attack, sid:3065, rev:11,)
08/10-19:40:46.305905 ;3065;4;0;10.5.1.110;10.5.2.2;alert tcp $EXTERNAL_NET any -> $HOME_NET 143 (msg:'PROTOCOL-IMAP append literal overflow attempt', flow:established,to_server, content:'APPEND', fast_pattern:only, pcre:'/sAPPENDs[^\n]*?s{/smi', byte_test:5,>,256,0,string,dec,relative, metadata:ruleset community, service imap, reference:bugtraq,11775, reference:cve,2004-1211, reference:nessus,15867, classtype:misc-attack, sid:3065, rev:11,)
08/10-19:43:41.120472 ;3065;4;0;10.5.1.110;10.5.2.2;alert tcp $EXTERNAL_NET any -> $HOME_NET 143 (msg:'PROTOCOL-IMAP append literal overflow attempt', flow:established,to_server, content:'APPEND', fast_pattern:only, pcre:'/sAPPENDs[^\n]*?s{/smi', byte_test:5,>,256,0,string,dec,relative, metadata:ruleset community, service imap, reference:bugtraq,11775, reference:cve,2004-1211, reference:nessus,15867, classtype:misc-attack, sid:3065, rev:11,)
08/10-19:44:03.032225 ;3065;4;0;10.5.1.110;10.5.2.2;alert tcp $EXTERNAL_NET any -> $HOME_NET 143 (msg:'PROTOCOL-IMAP append literal overflow attempt', flow:established,to_server, content:'APPEND', fast_pattern:only, pcre:'/sAPPENDs[^\n]*?s{/smi', byte_test:5,>,256,0,string,dec,relative, metadata:ruleset community, service imap, reference:bugtraq,11775, reference:cve,2004-1211, reference:nessus,15867, classtype:misc-attack, sid:3065, rev:11,)
08/10-19:47:19.488934 ;3065;4;0;10.5.1.110;10.5.2.2;alert tcp $EXTERNAL_NET any -> $HOME_NET 143 (msg:'PROTOCOL-IMAP append literal overflow attempt', flow:established,to_server, content:'APPEND', fast_pattern:only, pcre:'/sAPPENDs[^\n]*?s{/smi', byte_test:5,>,256,0,string,dec,relative, metadata:ruleset community, service imap, reference:bugtraq,11775, reference:cve,2004-1211, reference:nessus,15867, classtype:misc-attack, sid:3065, rev:11,)
08/10-19:49:49.362845 ;3065;4;0;10.5.1.110;10.5.2.2;alert tcp $EXTERNAL_NET any -> $HOME_NET 143 (msg:'PROTOCOL-IMAP append literal overflow attempt', flow:established,to_server, content:'APPEND', fast_pattern:only, pcre:'/sAPPENDs[^\n]*?s{/smi', byte_test:5,>,256,0,string,dec,relative, metadata:ruleset community, service imap, reference:bugtraq,11775, reference:cve,2004-1211, reference:nessus,15867, classtype:misc-attack, sid:3065, rev:11,)
08/10-19:52:44.002339 ;3065;4;0;10.5.1.110;10.5.2.2;alert tcp $EXTERNAL_NET any -> $HOME_NET 143 (msg:'PROTOCOL-IMAP append literal overflow attempt', flow:established,to_server, content:'APPEND', fast_pattern:only, pcre:'/sAPPENDs[^\n]*?s{/smi', byte_test:5,>,256,0,string,dec,relative, metadata:ruleset community, service imap, reference:bugtraq,11775, reference:cve,2004-1211, reference:nessus,15867, classtype:misc-attack, sid:3065, rev:11,)
08/10-19:55:35.147080 ;3065;4;0;10.5.1.110;10.5.2.2;alert tcp $EXTERNAL_NET any -> $HOME_NET 143 (msg:'PROTOCOL-IMAP append literal overflow attempt', flow:established,to_server, content:'APPEND', fast_pattern:only, pcre:'/sAPPENDs[^\n]*?s{/smi', byte_test:5,>,256,0,string,dec,relative, metadata:ruleset community, service imap, reference:bugtraq,11775, reference:cve,2004-1211, reference:nessus,15867, classtype:misc-attack, sid:3065, rev:11,)
08/10-19:57:17.430451 ;3065;4;0;10.5.1.110;10.5.2.2;alert tcp $EXTERNAL_NET any -> $HOME_NET 143 (msg:'PROTOCOL-IMAP append literal overflow attempt', flow:established,to_server, content:'APPEND', fast_pattern:only, pcre:'/sAPPENDs[^\n]*?s{/smi', byte_test:5,>,256,0,string,dec,relative, metadata:ruleset community, service imap, reference:bugtraq,11775, reference:cve,2004-1211, reference:nessus,15867, classtype:misc-attack, sid:3065, rev:11,)
08/10-19:59:33.569612 ;3065;4;0;10.5.1.110;10.5.2.2;alert tcp $EXTERNAL_NET any -> $HOME_NET 143 (msg:'PROTOCOL-IMAP append literal overflow attempt', flow:established,to_server, content:'APPEND', fast_pattern:only, pcre:'/sAPPENDs[^\n]*?s{/smi', byte_test:5,>,256,0,string,dec,relative, metadata:ruleset community, service imap, reference:bugtraq,11775, reference:cve,2004-1211, reference:nessus,15867, classtype:misc-attack, sid:3065, rev:11,)
08/10-20:06:00.611747 ;3065;4;0;10.5.1.110;10.5.2.2;alert tcp $EXTERNAL_NET any -> $HOME_NET 143 (msg:'PROTOCOL-IMAP append literal overflow attempt', flow:established,to_server, content:'APPEND', fast_pattern:only, pcre:'/sAPPENDs[^\n]*?s{/smi', byte_test:5,>,256,0,string,dec,relative, metadata:ruleset community, service imap, reference:bugtraq,11775, reference:cve,2004-1211, reference:nessus,15867, classtype:misc-attack, sid:3065, rev:11,)
08/10-20:06:46.434420 ;3065;4;0;10.5.1.110;10.5.2.2;alert tcp $EXTERNAL_NET any -> $HOME_NET 143 (msg:'PROTOCOL-IMAP append literal overflow attempt', flow:established,to_server, content:'APPEND', fast_pattern:only, pcre:'/sAPPENDs[^\n]*?s{/smi', byte_test:5,>,256,0,string,dec,relative, metadata:ruleset community, service imap, reference:bugtraq,11775, reference:cve,2004-1211, reference:nessus,15867, classtype:misc-attack, sid:3065, rev:11,)
08/10-20:08:19.969695 ;3065;4;0;10.5.1.110;10.5.2.2;alert tcp $EXTERNAL_NET any -> $HOME_NET 143 (msg:'PROTOCOL-IMAP append literal overflow attempt', flow:established,to_server, content:'APPEND', fast_pattern:only, pcre:'/sAPPENDs[^\n]*?s{/smi', byte_test:5,>,256,0,string,dec,relative, metadata:ruleset community, service imap, reference:bugtraq,11775, reference:cve,2004-1211, reference:nessus,15867, classtype:misc-attack, sid:3065, rev:11,)
08/10-20:09:45.922655 ;3065;4;0;10.5.1.110;10.5.2.2;alert tcp $EXTERNAL_NET any -> $HOME_NET 143 (msg:'PROTOCOL-IMAP append literal overflow attempt', flow:established,to_server, content:'APPEND', fast_pattern:only, pcre:'/sAPPENDs[^\n]*?s{/smi', byte_test:5,>,256,0,string,dec,relative, metadata:ruleset community, service imap, reference:bugtraq,11775, reference:cve,2004-1211, reference:nessus,15867, classtype:misc-attack, sid:3065, rev:11,)
08/10-20:11:13.921028 ;3065;4;0;10.5.1.110;10.5.2.2;alert tcp $EXTERNAL_NET any -> $HOME_NET 143 (msg:'PROTOCOL-IMAP append literal overflow attempt', flow:established,to_server, content:'APPEND', fast_pattern:only, pcre:'/sAPPENDs[^\n]*?s{/smi', byte_test:5,>,256,0,string,dec,relative, metadata:ruleset community, service imap, reference:bugtraq,11775, reference:cve,2004-1211, reference:nessus,15867, classtype:misc-attack, sid:3065, rev:11,)
08/10-20:11:55.768185 ;3065;4;0;10.5.1.110;10.5.2.2;alert tcp $EXTERNAL_NET any -> $HOME_NET 143 (msg:'PROTOCOL-IMAP append literal overflow attempt', flow:established,to_server, content:'APPEND', fast_pattern:only, pcre:'/sAPPENDs[^\n]*?s{/smi', byte_test:5,>,256,0,string,dec,relative, metadata:ruleset community, service imap, reference:bugtraq,11775, reference:cve,2004-1211, reference:nessus,15867, classtype:misc-attack, sid:3065, rev:11,)
08/10-20:13:45.351161 ;3065;4;0;10.5.1.110;10.5.2.2;alert tcp $EXTERNAL_NET any -> $HOME_NET 143 (msg:'PROTOCOL-IMAP append literal overflow attempt', flow:established,to_server, content:'APPEND', fast_pattern:only, pcre:'/sAPPENDs[^\n]*?s{/smi', byte_test:5,>,256,0,string,dec,relative, metadata:ruleset community, service imap, reference:bugtraq,11775, reference:cve,2004-1211, reference:nessus,15867, classtype:misc-attack, sid:3065, rev:11,)
08/10-20:14:06.388462 ;3065;4;0;10.5.1.110;10.5.2.2;alert tcp $EXTERNAL_NET any -> $HOME_NET 143 (msg:'PROTOCOL-IMAP append literal overflow attempt', flow:established,to_server, content:'APPEND', fast_pattern:only, pcre:'/sAPPENDs[^\n]*?s{/smi', byte_test:5,>,256,0,string,dec,relative, metadata:ruleset community, service imap, reference:bugtraq,11775, reference:cve,2004-1211, reference:nessus,15867, classtype:misc-attack, sid:3065, rev:11,)
08/10-20:16:03.441281 ;3065;4;0;10.5.1.110;10.5.2.2;alert tcp $EXTERNAL_NET any -> $HOME_NET 143 (msg:'PROTOCOL-IMAP append literal overflow attempt', flow:established,to_server, content:'APPEND', fast_pattern:only, pcre:'/sAPPENDs[^\n]*?s{/smi', byte_test:5,>,256,0,string,dec,relative, metadata:ruleset community, service imap, reference:bugtraq,11775, reference:cve,2004-1211, reference:nessus,15867, classtype:misc-attack, sid:3065, rev:11,)
08/10-20:17:13.406950 ;3065;4;0;10.5.1.110;10.5.2.2;alert tcp $EXTERNAL_NET any -> $HOME_NET 143 (msg:'PROTOCOL-IMAP append literal overflow attempt', flow:established,to_server, content:'APPEND', fast_pattern:only, pcre:'/sAPPENDs[^\n]*?s{/smi', byte_test:5,>,256,0,string,dec,relative, metadata:ruleset community, service imap, reference:bugtraq,11775, reference:cve,2004-1211, reference:nessus,15867, classtype:misc-attack, sid:3065, rev:11,)
08/10-20:21:59.539648 ;3065;4;0;10.5.1.110;10.5.2.2;alert tcp $EXTERNAL_NET any -> $HOME_NET 143 (msg:'PROTOCOL-IMAP append literal overflow attempt', flow:established,to_server, content:'APPEND', fast_pattern:only, pcre:'/sAPPENDs[^\n]*?s{/smi', byte_test:5,>,256,0,string,dec,relative, metadata:ruleset community, service imap, reference:bugtraq,11775, reference:cve,2004-1211, reference:nessus,15867, classtype:misc-attack, sid:3065, rev:11,)
08/10-20:22:12.605884 ;3065;4;0;10.5.1.110;10.5.2.2;alert tcp $EXTERNAL_NET any -> $HOME_NET 143 (msg:'PROTOCOL-IMAP append literal overflow attempt', flow:established,to_server, content:'APPEND', fast_pattern:only, pcre:'/sAPPENDs[^\n]*?s{/smi', byte_test:5,>,256,0,string,dec,relative, metadata:ruleset community, service imap, reference:bugtraq,11775, reference:cve,2004-1211, reference:nessus,15867, classtype:misc-attack, sid:3065, rev:11,)
08/10-20:22:42.631447 ;3065;4;0;10.5.1.110;10.5.2.2;alert tcp $EXTERNAL_NET any -> $HOME_NET 143 (msg:'PROTOCOL-IMAP append literal overflow attempt', flow:established,to_server, content:'APPEND', fast_pattern:only, pcre:'/sAPPENDs[^\n]*?s{/smi', byte_test:5,>,256,0,string,dec,relative, metadata:ruleset community, service imap, reference:bugtraq,11775, reference:cve,2004-1211, reference:nessus,15867, classtype:misc-attack, sid:3065, rev:11,)
08/10-20:24:05.432811 ;3065;4;0;10.5.1.110;10.5.2.2;alert tcp $EXTERNAL_NET any -> $HOME_NET 143 (msg:'PROTOCOL-IMAP append literal overflow attempt', flow:established,to_server, content:'APPEND', fast_pattern:only, pcre:'/sAPPENDs[^\n]*?s{/smi', byte_test:5,>,256,0,string,dec,relative, metadata:ruleset community, service imap, reference:bugtraq,11775, reference:cve,2004-1211, reference:nessus,15867, classtype:misc-attack, sid:3065, rev:11,)
08/10-20:25:37.358402 ;3065;4;0;10.5.1.110;10.5.2.2;alert tcp $EXTERNAL_NET any -> $HOME_NET 143 (msg:'PROTOCOL-IMAP append literal overflow attempt', flow:established,to_server, content:'APPEND', fast_pattern:only, pcre:'/sAPPENDs[^\n]*?s{/smi', byte_test:5,>,256,0,string,dec,relative, metadata:ruleset community, service imap, reference:bugtraq,11775, reference:cve,2004-1211, reference:nessus,15867, classtype:misc-attack, sid:3065, rev:11,)
08/10-20:26:04.046078 ;3065;4;0;10.5.1.110;10.5.2.2;alert tcp $EXTERNAL_NET any -> $HOME_NET 143 (msg:'PROTOCOL-IMAP append literal overflow attempt', flow:established,to_server, content:'APPEND', fast_pattern:only, pcre:'/sAPPENDs[^\n]*?s{/smi', byte_test:5,>,256,0,string,dec,relative, metadata:ruleset community, service imap, reference:bugtraq,11775, reference:cve,2004-1211, reference:nessus,15867, classtype:misc-attack, sid:3065, rev:11,)
08/10-20:26:07.073375 ;3065;4;0;10.5.1.110;10.5.2.2;alert tcp $EXTERNAL_NET any -> $HOME_NET 143 (msg:'PROTOCOL-IMAP append literal overflow attempt', flow:established,to_server, content:'APPEND', fast_pattern:only, pcre:'/sAPPENDs[^\n]*?s{/smi', byte_test:5,>,256,0,string,dec,relative, metadata:ruleset community, service imap, reference:bugtraq,11775, reference:cve,2004-1211, reference:nessus,15867, classtype:misc-attack, sid:3065, rev:11,)
08/10-20:27:08.841007 ;3065;4;0;10.5.1.110;10.5.2.2;alert tcp $EXTERNAL_NET any -> $HOME_NET 143 (msg:'PROTOCOL-IMAP append literal overflow attempt', flow:established,to_server, content:'APPEND', fast_pattern:only, pcre:'/sAPPENDs[^\n]*?s{/smi', byte_test:5,>,256,0,string,dec,relative, metadata:ruleset community, service imap, reference:bugtraq,11775, reference:cve,2004-1211, reference:nessus,15867, classtype:misc-attack, sid:3065, rev:11,)
08/10-20:27:09.266071 ;3065;4;0;10.5.1.110;10.5.2.2;alert tcp $EXTERNAL_NET any -> $HOME_NET 143 (msg:'PROTOCOL-IMAP append literal overflow attempt', flow:established,to_server, content:'APPEND', fast_pattern:only, pcre:'/sAPPENDs[^\n]*?s{/smi', byte_test:5,>,256,0,string,dec,relative, metadata:ruleset community, service imap, reference:bugtraq,11775, reference:cve,2004-1211, reference:nessus,15867, classtype:misc-attack, sid:3065, rev:11,)
08/10-20:28:33.061220 ;3065;4;0;10.5.1.110;10.5.2.2;alert tcp $EXTERNAL_NET any -> $HOME_NET 143 (msg:'PROTOCOL-IMAP append literal overflow attempt', flow:established,to_server, content:'APPEND', fast_pattern:only, pcre:'/sAPPENDs[^\n]*?s{/smi', byte_test:5,>,256,0,string,dec,relative, metadata:ruleset community, service imap, reference:bugtraq,11775, reference:cve,2004-1211, reference:nessus,15867, classtype:misc-attack, sid:3065, rev:11,)
08/10-20:28:48.012487 ;3065;4;0;10.5.1.110;10.5.2.2;alert tcp $EXTERNAL_NET any -> $HOME_NET 143 (msg:'PROTOCOL-IMAP append literal overflow attempt', flow:established,to_server, content:'APPEND', fast_pattern:only, pcre:'/sAPPENDs[^\n]*?s{/smi', byte_test:5,>,256,0,string,dec,relative, metadata:ruleset community, service imap, reference:bugtraq,11775, reference:cve,2004-1211, reference:nessus,15867, classtype:misc-attack, sid:3065, rev:11,)
08/10-20:30:37.307748 ;3065;4;0;10.5.1.110;10.5.2.2;alert tcp $EXTERNAL_NET any -> $HOME_NET 143 (msg:'PROTOCOL-IMAP append literal overflow attempt', flow:established,to_server, content:'APPEND', fast_pattern:only, pcre:'/sAPPENDs[^\n]*?s{/smi', byte_test:5,>,256,0,string,dec,relative, metadata:ruleset community, service imap, reference:bugtraq,11775, reference:cve,2004-1211, reference:nessus,15867, classtype:misc-attack, sid:3065, rev:11,)
08/10-20:31:29.919394 ;3065;4;0;10.5.1.110;10.5.2.2;alert tcp $EXTERNAL_NET any -> $HOME_NET 143 (msg:'PROTOCOL-IMAP append literal overflow attempt', flow:established,to_server, content:'APPEND', fast_pattern:only, pcre:'/sAPPENDs[^\n]*?s{/smi', byte_test:5,>,256,0,string,dec,relative, metadata:ruleset community, service imap, reference:bugtraq,11775, reference:cve,2004-1211, reference:nessus,15867, classtype:misc-attack, sid:3065, rev:11,)
08/10-20:31:59.716346 ;3065;4;0;10.5.1.110;10.5.2.2;alert tcp $EXTERNAL_NET any -> $HOME_NET 143 (msg:'PROTOCOL-IMAP append literal overflow attempt', flow:established,to_server, content:'APPEND', fast_pattern:only, pcre:'/sAPPENDs[^\n]*?s{/smi', byte_test:5,>,256,0,string,dec,relative, metadata:ruleset community, service imap, reference:bugtraq,11775, reference:cve,2004-1211, reference:nessus,15867, classtype:misc-attack, sid:3065, rev:11,)
08/10-20:33:35.447365 ;3065;4;0;10.5.1.110;10.5.2.2;alert tcp $EXTERNAL_NET any -> $HOME_NET 143 (msg:'PROTOCOL-IMAP append literal overflow attempt', flow:established,to_server, content:'APPEND', fast_pattern:only, pcre:'/sAPPENDs[^\n]*?s{/smi', byte_test:5,>,256,0,string,dec,relative, metadata:ruleset community, service imap, reference:bugtraq,11775, reference:cve,2004-1211, reference:nessus,15867, classtype:misc-attack, sid:3065, rev:11,)
08/10-20:33:45.446533 ;3065;4;0;10.5.1.110;10.5.2.2;alert tcp $EXTERNAL_NET any -> $HOME_NET 143 (msg:'PROTOCOL-IMAP append literal overflow attempt', flow:established,to_server, content:'APPEND', fast_pattern:only, pcre:'/sAPPENDs[^\n]*?s{/smi', byte_test:5,>,256,0,string,dec,relative, metadata:ruleset community, service imap, reference:bugtraq,11775, reference:cve,2004-1211, reference:nessus,15867, classtype:misc-attack, sid:3065, rev:11,)
08/10-20:36:41.505461 ;3065;4;0;10.5.1.110;10.5.2.2;alert tcp $EXTERNAL_NET any -> $HOME_NET 143 (msg:'PROTOCOL-IMAP append literal overflow attempt', flow:established,to_server, content:'APPEND', fast_pattern:only, pcre:'/sAPPENDs[^\n]*?s{/smi', byte_test:5,>,256,0,string,dec,relative, metadata:ruleset community, service imap, reference:bugtraq,11775, reference:cve,2004-1211, reference:nessus,15867, classtype:misc-attack, sid:3065, rev:11,)
08/10-20:37:32.190024 ;3065;4;0;10.5.1.110;10.5.2.2;alert tcp $EXTERNAL_NET any -> $HOME_NET 143 (msg:'PROTOCOL-IMAP append literal overflow attempt', flow:established,to_server, content:'APPEND', fast_pattern:only, pcre:'/sAPPENDs[^\n]*?s{/smi', byte_test:5,>,256,0,string,dec,relative, metadata:ruleset community, service imap, reference:bugtraq,11775, reference:cve,2004-1211, reference:nessus,15867, classtype:misc-attack, sid:3065, rev:11,)
08/10-20:38:54.954691 ;3065;4;0;10.5.1.110;10.5.2.2;alert tcp $EXTERNAL_NET any -> $HOME_NET 143 (msg:'PROTOCOL-IMAP append literal overflow attempt', flow:established,to_server, content:'APPEND', fast_pattern:only, pcre:'/sAPPENDs[^\n]*?s{/smi', byte_test:5,>,256,0,string,dec,relative, metadata:ruleset community, service imap, reference:bugtraq,11775, reference:cve,2004-1211, reference:nessus,15867, classtype:misc-attack, sid:3065, rev:11,)
08/10-20:39:10.969422 ;3065;4;0;10.5.1.110;10.5.2.2;alert tcp $EXTERNAL_NET any -> $HOME_NET 143 (msg:'PROTOCOL-IMAP append literal overflow attempt', flow:established,to_server, content:'APPEND', fast_pattern:only, pcre:'/sAPPENDs[^\n]*?s{/smi', byte_test:5,>,256,0,string,dec,relative, metadata:ruleset community, service imap, reference:bugtraq,11775, reference:cve,2004-1211, reference:nessus,15867, classtype:misc-attack, sid:3065, rev:11,)
08/10-20:40:41.080590 ;3065;4;0;10.5.1.110;10.5.2.2;alert tcp $EXTERNAL_NET any -> $HOME_NET 143 (msg:'PROTOCOL-IMAP append literal overflow attempt', flow:established,to_server, content:'APPEND', fast_pattern:only, pcre:'/sAPPENDs[^\n]*?s{/smi', byte_test:5,>,256,0,string,dec,relative, metadata:ruleset community, service imap, reference:bugtraq,11775, reference:cve,2004-1211, reference:nessus,15867, classtype:misc-attack, sid:3065, rev:11,)
08/10-20:40:58.044849 ;3065;4;0;10.5.1.110;10.5.2.2;alert tcp $EXTERNAL_NET any -> $HOME_NET 143 (msg:'PROTOCOL-IMAP append literal overflow attempt', flow:established,to_server, content:'APPEND', fast_pattern:only, pcre:'/sAPPENDs[^\n]*?s{/smi', byte_test:5,>,256,0,string,dec,relative, metadata:ruleset community, service imap, reference:bugtraq,11775, reference:cve,2004-1211, reference:nessus,15867, classtype:misc-attack, sid:3065, rev:11,)
08/10-20:41:12.633902 ;3065;4;0;10.5.1.110;10.5.2.2;alert tcp $EXTERNAL_NET any -> $HOME_NET 143 (msg:'PROTOCOL-IMAP append literal overflow attempt', flow:established,to_server, content:'APPEND', fast_pattern:only, pcre:'/sAPPENDs[^\n]*?s{/smi', byte_test:5,>,256,0,string,dec,relative, metadata:ruleset community, service imap, reference:bugtraq,11775, reference:cve,2004-1211, reference:nessus,15867, classtype:misc-attack, sid:3065, rev:11,)
08/10-20:42:46.380961 ;3065;4;0;10.5.1.110;10.5.2.2;alert tcp $EXTERNAL_NET any -> $HOME_NET 143 (msg:'PROTOCOL-IMAP append literal overflow attempt', flow:established,to_server, content:'APPEND', fast_pattern:only, pcre:'/sAPPENDs[^\n]*?s{/smi', byte_test:5,>,256,0,string,dec,relative, metadata:ruleset community, service imap, reference:bugtraq,11775, reference:cve,2004-1211, reference:nessus,15867, classtype:misc-attack, sid:3065, rev:11,)
08/10-20:43:32.067078 ;3065;4;0;10.5.1.110;10.5.2.2;alert tcp $EXTERNAL_NET any -> $HOME_NET 143 (msg:'PROTOCOL-IMAP append literal overflow attempt', flow:established,to_server, content:'APPEND', fast_pattern:only, pcre:'/sAPPENDs[^\n]*?s{/smi', byte_test:5,>,256,0,string,dec,relative, metadata:ruleset community, service imap, reference:bugtraq,11775, reference:cve,2004-1211, reference:nessus,15867, classtype:misc-attack, sid:3065, rev:11,)
08/10-20:44:15.168991 ;3065;4;0;10.5.1.110;10.5.2.2;alert tcp $EXTERNAL_NET any -> $HOME_NET 143 (msg:'PROTOCOL-IMAP append literal overflow attempt', flow:established,to_server, content:'APPEND', fast_pattern:only, pcre:'/sAPPENDs[^\n]*?s{/smi', byte_test:5,>,256,0,string,dec,relative, metadata:ruleset community, service imap, reference:bugtraq,11775, reference:cve,2004-1211, reference:nessus,15867, classtype:misc-attack, sid:3065, rev:11,)
08/10-20:46:08.627026 ;3065;4;0;10.5.1.110;10.5.2.2;alert tcp $EXTERNAL_NET any -> $HOME_NET 143 (msg:'PROTOCOL-IMAP append literal overflow attempt', flow:established,to_server, content:'APPEND', fast_pattern:only, pcre:'/sAPPENDs[^\n]*?s{/smi', byte_test:5,>,256,0,string,dec,relative, metadata:ruleset community, service imap, reference:bugtraq,11775, reference:cve,2004-1211, reference:nessus,15867, classtype:misc-attack, sid:3065, rev:11,)
08/10-20:46:12.087063 ;3065;4;0;10.5.1.110;10.5.2.2;alert tcp $EXTERNAL_NET any -> $HOME_NET 143 (msg:'PROTOCOL-IMAP append literal overflow attempt', flow:established,to_server, content:'APPEND', fast_pattern:only, pcre:'/sAPPENDs[^\n]*?s{/smi', byte_test:5,>,256,0,string,dec,relative, metadata:ruleset community, service imap, reference:bugtraq,11775, reference:cve,2004-1211, reference:nessus,15867, classtype:misc-attack, sid:3065, rev:11,)
08/10-20:47:25.202581 ;3065;4;0;10.5.1.110;10.5.2.2;alert tcp $EXTERNAL_NET any -> $HOME_NET 143 (msg:'PROTOCOL-IMAP append literal overflow attempt', flow:established,to_server, content:'APPEND', fast_pattern:only, pcre:'/sAPPENDs[^\n]*?s{/smi', byte_test:5,>,256,0,string,dec,relative, metadata:ruleset community, service imap, reference:bugtraq,11775, reference:cve,2004-1211, reference:nessus,15867, classtype:misc-attack, sid:3065, rev:11,)
08/10-20:48:14.322370 ;3065;4;0;10.5.1.110;10.5.2.2;alert tcp $EXTERNAL_NET any -> $HOME_NET 143 (msg:'PROTOCOL-IMAP append literal overflow attempt', flow:established,to_server, content:'APPEND', fast_pattern:only, pcre:'/sAPPENDs[^\n]*?s{/smi', byte_test:5,>,256,0,string,dec,relative, metadata:ruleset community, service imap, reference:bugtraq,11775, reference:cve,2004-1211, reference:nessus,15867, classtype:misc-attack, sid:3065, rev:11,)
08/10-20:49:23.392700 ;3065;4;0;10.5.1.110;10.5.2.2;alert tcp $EXTERNAL_NET any -> $HOME_NET 143 (msg:'PROTOCOL-IMAP append literal overflow attempt', flow:established,to_server, content:'APPEND', fast_pattern:only, pcre:'/sAPPENDs[^\n]*?s{/smi', byte_test:5,>,256,0,string,dec,relative, metadata:ruleset community, service imap, reference:bugtraq,11775, reference:cve,2004-1211, reference:nessus,15867, classtype:misc-attack, sid:3065, rev:11,)
08/10-20:49:29.056956 ;3065;4;0;10.5.1.110;10.5.2.2;alert tcp $EXTERNAL_NET any -> $HOME_NET 143 (msg:'PROTOCOL-IMAP append literal overflow attempt', flow:established,to_server, content:'APPEND', fast_pattern:only, pcre:'/sAPPENDs[^\n]*?s{/smi', byte_test:5,>,256,0,string,dec,relative, metadata:ruleset community, service imap, reference:bugtraq,11775, reference:cve,2004-1211, reference:nessus,15867, classtype:misc-attack, sid:3065, rev:11,)
08/10-20:50:35.733460 ;3065;4;0;10.5.1.110;10.5.2.2;alert tcp $EXTERNAL_NET any -> $HOME_NET 143 (msg:'PROTOCOL-IMAP append literal overflow attempt', flow:established,to_server, content:'APPEND', fast_pattern:only, pcre:'/sAPPENDs[^\n]*?s{/smi', byte_test:5,>,256,0,string,dec,relative, metadata:ruleset community, service imap, reference:bugtraq,11775, reference:cve,2004-1211, reference:nessus,15867, classtype:misc-attack, sid:3065, rev:11,)
08/10-20:53:13.648979 ;3065;4;0;10.5.1.110;10.5.2.2;alert tcp $EXTERNAL_NET any -> $HOME_NET 143 (msg:'PROTOCOL-IMAP append literal overflow attempt', flow:established,to_server, content:'APPEND', fast_pattern:only, pcre:'/sAPPENDs[^\n]*?s{/smi', byte_test:5,>,256,0,string,dec,relative, metadata:ruleset community, service imap, reference:bugtraq,11775, reference:cve,2004-1211, reference:nessus,15867, classtype:misc-attack, sid:3065, rev:11,)
08/10-20:54:16.024586 ;3065;4;0;10.5.1.110;10.5.2.2;alert tcp $EXTERNAL_NET any -> $HOME_NET 143 (msg:'PROTOCOL-IMAP append literal overflow attempt', flow:established,to_server, content:'APPEND', fast_pattern:only, pcre:'/sAPPENDs[^\n]*?s{/smi', byte_test:5,>,256,0,string,dec,relative, metadata:ruleset community, service imap, reference:bugtraq,11775, reference:cve,2004-1211, reference:nessus,15867, classtype:misc-attack, sid:3065, rev:11,)
08/10-20:55:12.497672 ;3065;4;0;10.5.1.110;10.5.2.2;alert tcp $EXTERNAL_NET any -> $HOME_NET 143 (msg:'PROTOCOL-IMAP append literal overflow attempt', flow:established,to_server, content:'APPEND', fast_pattern:only, pcre:'/sAPPENDs[^\n]*?s{/smi', byte_test:5,>,256,0,string,dec,relative, metadata:ruleset community, service imap, reference:bugtraq,11775, reference:cve,2004-1211, reference:nessus,15867, classtype:misc-attack, sid:3065, rev:11,)
08/10-20:55:41.472409 ;3065;4;0;10.5.1.110;10.5.2.2;alert tcp $EXTERNAL_NET any -> $HOME_NET 143 (msg:'PROTOCOL-IMAP append literal overflow attempt', flow:established,to_server, content:'APPEND', fast_pattern:only, pcre:'/sAPPENDs[^\n]*?s{/smi', byte_test:5,>,256,0,string,dec,relative, metadata:ruleset community, service imap, reference:bugtraq,11775, reference:cve,2004-1211, reference:nessus,15867, classtype:misc-attack, sid:3065, rev:11,)
08/10-20:56:15.583959 ;3065;4;0;10.5.1.110;10.5.2.2;alert tcp $EXTERNAL_NET any -> $HOME_NET 143 (msg:'PROTOCOL-IMAP append literal overflow attempt', flow:established,to_server, content:'APPEND', fast_pattern:only, pcre:'/sAPPENDs[^\n]*?s{/smi', byte_test:5,>,256,0,string,dec,relative, metadata:ruleset community, service imap, reference:bugtraq,11775, reference:cve,2004-1211, reference:nessus,15867, classtype:misc-attack, sid:3065, rev:11,)
08/10-20:57:04.271801 ;3065;4;0;10.5.1.110;10.5.2.2;alert tcp $EXTERNAL_NET any -> $HOME_NET 143 (msg:'PROTOCOL-IMAP append literal overflow attempt', flow:established,to_server, content:'APPEND', fast_pattern:only, pcre:'/sAPPENDs[^\n]*?s{/smi', byte_test:5,>,256,0,string,dec,relative, metadata:ruleset community, service imap, reference:bugtraq,11775, reference:cve,2004-1211, reference:nessus,15867, classtype:misc-attack, sid:3065, rev:11,)
08/10-20:57:28.319475 ;3065;4;0;10.5.1.110;10.5.2.2;alert tcp $EXTERNAL_NET any -> $HOME_NET 143 (msg:'PROTOCOL-IMAP append literal overflow attempt', flow:established,to_server, content:'APPEND', fast_pattern:only, pcre:'/sAPPENDs[^\n]*?s{/smi', byte_test:5,>,256,0,string,dec,relative, metadata:ruleset community, service imap, reference:bugtraq,11775, reference:cve,2004-1211, reference:nessus,15867, classtype:misc-attack, sid:3065, rev:11,)
08/10-20:58:28.915492 ;3065;4;0;10.5.1.110;10.5.2.2;alert tcp $EXTERNAL_NET any -> $HOME_NET 143 (msg:'PROTOCOL-IMAP append literal overflow attempt', flow:established,to_server, content:'APPEND', fast_pattern:only, pcre:'/sAPPENDs[^\n]*?s{/smi', byte_test:5,>,256,0,string,dec,relative, metadata:ruleset community, service imap, reference:bugtraq,11775, reference:cve,2004-1211, reference:nessus,15867, classtype:misc-attack, sid:3065, rev:11,)
08/10-20:58:33.335344 ;3065;4;0;10.5.1.110;10.5.2.2;alert tcp $EXTERNAL_NET any -> $HOME_NET 143 (msg:'PROTOCOL-IMAP append literal overflow attempt', flow:established,to_server, content:'APPEND', fast_pattern:only, pcre:'/sAPPENDs[^\n]*?s{/smi', byte_test:5,>,256,0,string,dec,relative, metadata:ruleset community, service imap, reference:bugtraq,11775, reference:cve,2004-1211, reference:nessus,15867, classtype:misc-attack, sid:3065, rev:11,)
08/10-20:58:54.911313 ;3065;4;0;10.5.1.110;10.5.2.2;alert tcp $EXTERNAL_NET any -> $HOME_NET 143 (msg:'PROTOCOL-IMAP append literal overflow attempt', flow:established,to_server, content:'APPEND', fast_pattern:only, pcre:'/sAPPENDs[^\n]*?s{/smi', byte_test:5,>,256,0,string,dec,relative, metadata:ruleset community, service imap, reference:bugtraq,11775, reference:cve,2004-1211, reference:nessus,15867, classtype:misc-attack, sid:3065, rev:11,)
